행사분류,상품명,가격
1+1,빙그레)래핑카우8포션치즈128g,7900
1+1,매일)바이오플레인드링킹250ml,2300
1+1,매일)바이오딸기드링킹250ml,2300
1+1,빙그레)닥터캡슐플레인130ml,2200
1+1,매일)바이오블루베리드링킹250ml,2300
1+1,커피그루브)아메리카노오리지널2,2300
1+1,커피그루브)아메리카노마일드280,2300
1+1,빙그레)닥터캡슐사과130ml,2200
1+1,빙그레)스페셜티예가체프460ml,2700
1+1,빙그레)스페셜티킬리만자로460ml,2700
1+1,빙그레)요플레프로틴플레인210ml,3800
1+1,빙그레)요플레프로틴딸기바나나,3800
1+1,빙그레)닥터캡슐베리믹스130ml,2200
1+1,빙그레)요플레프로틴MAX210ml,4000
1+1,PB)오구딸기타임200ml,1200
1+1,PB)오구초코타임200ml,1200
1+1,다논)액티비아스무디키위사과150,2000
1+1,풀무원)요거톡초코필로우124g,2200
1+1,풀무원)요거톡스타볼132g,2200
1+1,풀무원)초코그래놀라129g,2200
1+1,빙그레)아이스티복숭아300ml,1400
1+1,빙그레)아이스티레몬300ml,1400
1+1,다논)액티비아스무디딸기바나나1,2000
1+1,빙그레)스페셜티안티오키아460ml,2700
1+1,덴마크)산양요구르트베리믹스150,2700
1+1,덴마크)산양요구르트플레인150ml,2700
1+1,남양)아몬드데이오리지널190ml,1500
1+1,남양)아몬드데이언스위트190ml,1500
1+1,서울)아침에주스꿀배190ml,2400
1+1,서울)아침에주스오미자자몽190ml,2400
1+1,PB)테일러골든캐러멜250ml,3300
1+1,PB)테일러카페데이지250ml,3300
1+1,서울)마이픽딸기초코링120g,2200
1+1,진주햄)천하장사28g,1300
1+1,CJ)숯불후랑크120g,3300
1+1,CJ)맥스봉숯불구이맛핫바90g,2500
1+1,서울)초코크림라떼250ml,2000
1+1,서울)솔티드크림라떼250ml,2000
1+1,PB)앙리마티스카페라떼250ml,3200
1+1,PB)앙리마티스바닐라라떼250ml,3200
1+1,남양)플로라랩130ml,2500
1+1,서울)마이픽플레인쿠키링131g,2200
1+1,CJ)맥스봉빅소시지150g,3900
1+1,농심)멘토스포도,800
1+1,농심)멘토스과일,800
1+1,델리팜)로아커카카오45g,1800
1+1,CJ)맥스봉오리지널50g,2200
1+1,동원)양반단호박죽285g(냉장),4500
1+1,진주햄)건강하닭할라피뇨치즈60g,2200
1+1,진주햄)더블링콰트로25g,1300
1+1,진주햄)천하장사더건강하닭60g,2200
1+1,진주햄)천하장사70g,2600
1+1,CJ)구이한판60g,3300
1+1,농심)멘토스레인보우,800
1+1,네슬레)킷캣청키38g,1500
1+1,델리팜)로아커바닐라45g,1800
1+1,이노엔)컨디션환1입,2900
1+1,네슬레)킷캣청키쿠키앤크림,1500
1+1,삼양사)상쾌환스틱18g,3900
1+1,델리팜)로아커밀크45g,1800
1+1,델리팜)로아커치즈45g,1800
1+1,이노엔)컨디션환3입,8500
1+1,농심)멘토스콜라향,800
1+1,오뚜기)발아흑미밥210g,2700
1+1,히말라야)파티스마트츄2입,3500
1+1,웅진)솔브앤고200ml(곡물맛),3600
1+1,웅진)솔브앤고200ml(바나나맛),3600
1+1,삼양)쿠티크투움바파스타큰컴,3600
1+1,위글위글)모닝컴스숙취해소제5g,4700
1+1,삼양사)상쾌환스틱레드18g,3900
1+1,이노엔)컨디션스틱그린애플,3300
1+1,이노엔)컨디션스틱오리지널,3300
1+1,초월홍삼)발효홍삼진15ml,3000
1+1,오뚜기)발아현미밥210g,2700
1+1,오뚜기)영양닭죽285g,4500
1+1,오뚜기)김치참치덮밥(컵밥),4800
1+1,오뚜기)차돌강된장보리밥컵밥,4800
1+1,오뚜기)톡톡김치알밥(컵밥),4800
1+1,오뚜기)톡톡김치알밥(컵밥),4800
1+1,오뚜기)새송이쇠고기죽285g,4500
1+1,오뚜기)쇠고기미역국밥컵밥,4800
1+1,오뚜기)단호박죽285g,4500
1+1,오뚜기)전복죽285g,4500
1+1,샘표)게살푸팟퐁커리170g,4700
1+1,샘표)치킨마크니커리170g,4700
1+1,CJ)비비고한우사골곰탕500g,3200
1+1,오뚜기)마포식차돌된장찌개,7800
1+1,오뚜기)대구식쇠고기육개장,7800
1+1,오뚜기)오곡밥210g,2700
1+1,오뚜기)양평식선지해장국,7800
1+1,동원)양반나주식곰탕460g,3900
1+1,오뚜기)청주식돼지김치짜글이,7800
1+1,롯데)로스팜97 200g,6200
1+1,오뚜기)오즈키친치킨마살라,4800
1+1,오뚜기)오즈키친푸팟퐁카레,4800
1+1,코카)스프라이트250ml,1500
1+1,오뚜기)양송이크림스프180g,3800
1+1,오뚜기)베이컨감자스프180g,3800
1+1,CJ)작은햇반현미밥130g,2600
1+1,CJ)소고기듬뿍미역국460g,9900
1+1,오뚜기)순후추순대국밥컵밥,4800
1+1,하림)더미식백미밥180g(3입),5700
1+1,CJ)비비고사골곰탕500g,2900
1+1,CJ)한뿌리홍삼대보100ml,5000
1+1,코카)스프라이트500ml,2000
1+1,코카)조지아빈티지블랙270ml,2400
1+1,칠성)칸타타프리미엄라떼200,1500
1+1,에스앤제이)천지개벽100ml,5000
1+1,광동)헛개파워100ml,5000
1+1,푸드사이언스)모닝파워175ml,4000
1+1,동화)생생톤210ml병,1500
1+1,칠성)비타파워100ml,1000
1+1,칠성)칸타타아메리카노200ml,1500
1+1,칠성)펩시콜라355ml,1900
1+1,코카)조지아빈티지라떼270ml,2400
1+1,한독)레디큐120ml,5000
1+1,OKF)알로에베라킹500ml,2200
1+1,칠성)핫식스더킹파워355ml,2200
1+1,웅진)티즐유자그린티500ml,2500
1+1,동원)동원샘물500ml,1000
1+1,빙그레)감성아메리카노500ml,2700
1+1,하이트)블랙보리라이트520ml,1800
1+1,칠성)깨수깡160ml,5000
1+1,동아)모닝케어S 100ml,5000
1+1,동아)모닝케어D 100ml,5000
1+1,동아)모닝케어H 100ml,5000
1+1,웅진)티즐피치우롱티500ml,2500
1+1,HK)컨디션헛개수EX500ml,3000
1+1,한국)몽베스트생수330ml,800
1+1,한국)몽베스트생수500ml,1100
1+1,빙그레)아카페라아메리카노1L,4200
1+1,빙그레)아카페라헤이즐넛1L,4200
1+1,칠성)핫식스더킹포스355ml,2200
1+1,서울)아침에주스사과350ml,2500
1+1,코카)스프라이트제로500ml,2000
1+1,칠성)펩시콜라제로355ml,1900
1+1,빙그레)감성헤이즐넛500ml,2700
1+1,종근당)헛개땡큐100ml,5000
1+1,광동)더진한헛개차500ml,3000
1+1,서울)아침에주스포도350ml,2500
1+1,종근당)산에는삼100ml,3000
1+1,칠성)핫식스더킹러쉬355ml,2200
1+1,칠성)칠성사이다제로355ml,1900
1+1,동원)테이크얼라이브스위티자몽5,2500
1+1,동원)테이크얼라이브망고500ml,2500
1+1,칠성)핫식스더킹제로355ml,2200
1+1,칠성)더하다옥수수수염차500ml,2000
1+1,칠성)더하다우엉차500ml,2000
1+1,동원)테이크얼라이브샤인머스켓,2500
1+1,동원)테이크얼라이브블러드오렌,2500
1+1,한국)몽베스트스파클링레몬500ml,1700
1+1,한국)몽베스트스파클링라임500ml,1700
1+1,쟈뎅)제주청보리차500ml,2000
1+1,PB)NEW제주녹차500ml,2000
1+1,큐원)상쾌환부스터100ml,5000
1+1,CJ)한뿌리인삼대보 100ml,4500
1+1,PB)런던의오후밀크티270ml,2500
1+1,칠성)더하다보리차500ml,2000
1+1,웅진)자연은더말린자몽500ml,2500
1+1,웅진)자연은더말린복숭아500ml,2500
1+1,종근당)자황100ml,5000
1+1,웅진)티즐제로자몽블랙티500ml,2500
1+1,동원)투명이온500ml,2200
1+1,엠탑)노슈가체리콕제로355ml,1800
1+1,엠탑)노슈가애플사이다제로355ml,1800
1+1,동원)테이크얼라이브제로톡400ml,2500
1+1,동원)쿨피스톡제로복숭아340ml,2000
1+1,동원)쿨피스톡제로파인340ml,2000
1+1,일화)맥콜제로250ml,1500
1+1,일화)부르르제로사이다250ml,1200
1+1,엠탑)아톰에너지파워업355ml,2200
1+1,엠탑)아톰에너지파워업제로355ml,2200
1+1,칠성)펩시콜라제로망고355ml,1900
1+1,해태)쌍쌍바70ml,1500
1+1,칠성)핫식스더킹피치355ml,2200
1+1,서영)모닝이즈백100ml,5000
1+1,해태)토마토마120ml,1800
1+1,베스킨)레인보우샤베트워터500,2500
1+1,베스킨)피치요거트워터500,2500
1+1,칠성)더하다헛개차500ml,2000
1+1,칠성)칠성사이다제로블루355ml,1900
1+1,코카)코카콜라제로레몬500ml,2300
1+1,코카)코카콜라제로제로250ml,1700
1+1,서울)흰우유아이스크림474ml,10800
1+1,서울)초콜릿우유아이스크림474ml,10800
1+1,매일)상하목장아이스밀크100ml,5200
1+1,서울)비요뜨초코볼아이스크림474,10800
1+1,서울)비요뜨블루베리아이스474,10800
1+1,서울)비요뜨딸기아이스크림474,10800
1+1,해태)쌍쌍바딸기75ml,1500
1+1,매일)상하목장아이스딸기100ml,5200
1+1,매일)상하목장아이스밀크474ml,13500
1+1,매일)상하목장아이스딸기474ml,13500
1+1,LG)페리오46cm치약,3900
1+1,해태)당근당근120ml,1800
1+1,LG)핑크솔트클렌징폼200ml,9900
1+1,애경)케라시스데미지샴푸,5500
1+1,애경)포인트딥클린스크럽폼,12900
1+1,소부당)카스테라생크림떡120g,3800
1+1,PB)을지로촙촙소고기볶음밥180g,4500
1+1,취영루)한입쏙교자만두240g,5900
1+1,롯데푸드)빅핫도그140g,3000
1+1,오뚜기)순후추치킨180g,5600
1+1,LG)페리오이지클리닉칫솔,2200
1+1,LG)페리오토탈7치약,4300
1+1,애경)케라시스데미지린스,5500
1+1,P&G)오랄비초극세모잇몸케어칫솔,2900
1+1,LG)엘라스틴실크리페어샴푸400ml,11900
1+1,PB)도루코4중날시스템면도기,9900
1+1,PB)도루코4중날시스템면도날4입,9900
1+1,P&G)질레트마하3클래식면도기,13100
1+1,P&G)헤드앤숄더두피샴푸550ml,14900
1+1,PB)페리오토탈7스트롱치약,4300
1+1,LG)체리블라썸 휘핑비누,2700
1+1,아모레)미장센퍼펙트샴푸680ml,17000
1+1,아모레)미장센퍼펙트린스680ml,17000
1+1,LG)죽염잇몸고치약120g,6900
1+1,애경)2080 자일리톨치약100g,3900
1+1,LG)온더바디 코코넛비누90g,2500
1+1,LG)마카다미아크랜베리바디워시,9900
1+1,애경)말랑이 버블핸드워시300ml,7900
1+1,애경)2080 더블액션칫솔,2500
1+1,P&G)질레트센서3일회용면도기1입,2400
1+1,P&G)질레트프로글라이드면도기,22700
1+1,크리오)두스 미세모칫솔,1800
1+1,LG)세꼼마버블항균핸드워시250,7900
1+1,애경)2080구취크리닉치약120g,5900
1+1,LG)엘라스틴 러브미샴푸600ml,13900
1+1,싸다고)온더바디바디워시900ml,8900
1+1,LG)페리오듀얼클린칫솔 2입,3500
1+1,P&G)오랄비크로스액션미세모칫솔,3900
1+1,LG)포켓몬여행용세트,19900
1+1,싸다고)엘라스틴데일리샴푸1100m,13900
1+1,아모레)해피바스촉촉바디워시900,14800
1+1,애경)2080불소크리닉칫솔,4500
1+1,LG)엘라스틴프로틴샴푸480ml,12900
1+1,LG)엘라스틴프로틴컨디셔너480ml,12900
1+1,LG)클라이덴화이트닝치약50g,9900
1+1,LG)히말라야미백치약칫솔세트,10900
1+1,아모레)해피바스바디워시900g,13800
1+1,P&G)헤드앤숄더쿨멘솔550ml,14900
1+1,LG)핑크솔트시카샴푸200ml,7000
1+1,LG)핑크솔트바디워시200ml,5500
1+1,LG)샤프란케어담배냄새탈취100ml,4200
1+1,LG)샤프란케어은은한향100ml,4200
1+1,LG)바디피트순간흡수중형4P,1700
1+1,LG)바디피트귀애랑울날중4P,2200
1+1,LG)테크베이킹소다액체세제1.4L,12900
1+1,LG)프로틴볼륨샴푸480ml,12900
1+1,LG)닥터그루트쿨멘솔샴푸180ml,9900
1+1,LG)아우라1L(윌유메리미),10900
1+1,LG)유시몰제로마일드가글90ml,3900
1+1,P&G)다우니퍼퓸블랙1L,15400
1+1,P&G)다우니실내건조1L,15400
1+1,P&G)다우니실내건조(세탁세제),21500
1+1,피죤)액츠프리미엄(프레시)1L,10900
1+1,피죤)고농축시그니처1L(플라워),11900
1+1,피죤)스프레이80ml(플라워퍼퓸),4200
1+1,피죤)스프레이80ml(미스틱레인),4200
1+1,싸다고)홈스타뿌리는곰팡이싹750,8900
1+1,LG)테크실내건조1.4L(공용),12900
1+1,피죤)블루비앙카리필1.6L,6200
1+1,슈가버블주방세제레몬470ml,5900
1+1,애경)2080칫솔,2800
1+1,애경)2080치약125g,4000
1+1,피죤)액츠후레쉬(겸용)1.4L,12900
1+1,좋은느낌유기농순면라이너18P,4600
1+1,LG)볼록맞춤울날대16P,8500
1+1,LG)바디피트슈퍼롱&와이드10P,8700
1+1,깨끗한)퓨어물티슈60매,3900
1+1,PB)키친타올150매*4롤,9800
1+1,피죤)고농축시그니처1L(미스틱),11900
1+1,슈가버블주방세제블루베리470ml,5900
1+1,LG)바디피트내몸에순한면대형16P,9400
1+1,LG)바디피트내몸에순한면4P,2400
1+1,LG)바디피트내몸에순한면중형18P,9400
1+1,PB)천연펄프3겹데코12롤,17600
1+1,LG)내몸에순한면 수퍼롱3P,4200
1+1,LG)바디피트볼록맞춤오버4P,3800
1+1,LG)바디피트볼록맞춤중형16P,7600
1+1,유한)좋은느낌울트라날개중18P,9900
1+1,유한)좋은느낌울트라날개대16P,9900
1+1,유한)좋은느낌울트라날개중4P,2000
1+1,깨끗한)깨끗한나라물티슈20매,2000
1+1,유한)크리넥스수앤수캡80(라이언,6600
1+1,PB)프리미엄3겹데코24롤,26500
1+1,깨끗한)디어스킨에어엠보중형16P,8100
1+1,유한)좋은느낌수퍼롱4P,4100
1+1,깨끗한)건강한순수한면중형16P,8900
1+1,깨끗한)건강한순수한면대형14P,8900
1+1,PB)new미용티슈200매*3입,9700
1+1,LG)쏘피유기농100%무표백중형4P,3000
1+1,LG)쏘피유기농100%무표백대형4P,3400
1+1,유한)화이트수퍼흡수중형4P,2000
1+1,비비안)쉼유기농생리대중형18P,8900
1+1,비비안)쉼유기농생리대대형16P,8900
1+1,깨끗한나라3겹소프트24롤(펄프),29800
1+1,유한)좋은느낌좋은순면수퍼롱10P,10400
1+1,깨끗한)디어스킨리얼모달중형16P,8600
1+1,깨끗한)디어스킨리얼모달대형14P,8600
1+1,LG)쏘피안심숙면팬티4P(L),9600
1+1,깨끗한)디어스킨에어엠보대형14P,8100
1+1,유한)좋은느낌유기농순면대형14P,11200
1+1,유한)좋은느낌무표백중형16P,12500
1+1,예지미인)오가닛데일리중형3P,2400
1+1,유한)크리넥스마이비데물티슈10,1600
1+1,유한)좋은느낌입는데이팬티중형4,10900
1+1,유한)좋은느낌입는데이팬티대형4,10900
1+1,깨끗한)디어스킨입는오버4P(M),10900
1+1,유한)좋은느낌무표백대형4P,3900
1+1,유한)좋은느낌무표백수퍼롱3P,4800
1+1,깨끗한)펀앤플레이물티슈캡형60,4500
1+1,깨끗한)펀앤플레이물티슈20매,3000
1+1,도루코)PACE6중날휴대면도기1입,2500
1+1,CJ)바삭칩(프로틴)45g,2500
1+1,동아)템포입는오버나이트5P,9900
1+1,바프)별빛팡팡몰트볼40g,2500
1+1,바프)밀크코코넛몰트볼40g,2500
1+1,델리팜)로아커(크리스피다크)50G,2800
1+1,델리팜)로아커(화이트젤라또)50G,2800
1+1,델리팜)로아커(카라멜)50G,2800
1+1,미성)피니빈모양젤리80g,1800
1+1,MQ)다크앤씨솔트에너지바30g,1800
1+1,삼립)궁중꿀약과300g,6900
1+1,LG)바디피트볼록맞춤울날중4P,1900
1+1,싸다고)자연퐁솔잎 1.18L(리필),8300
1+1,PB)와릿이즌바나나맛젤리,1500
1+1,미성)피니해피믹스80g,1800
1+1,미성)피니피지웜젤리80g,1800
1+1,델리팜)로아커알파인밀크50G,2800
1+1,미성)피니콜라병모양젤리80g,1800
1+1,미성)피니웜젤리80g,1800
1+1,미성)피니크로커다일젤리80g,1800
1+1,P&G)오랄비후레쉬클린칫솔,2000
1+1,LG)뉴 퐁퐁400g,3500
1+1,숙취해소_알디콤,3500
1+1,샘표)스파이시마살라커리170g,4700
1+1,피죤)퓨어애플밤주방세제750ml,9900
1+1,유한)좋은느낌입는오버나이트3P,9100
2+1,MDS)젤리블리애플망고60g,900
2+1,MDS)젤리블리리치60g,900
2+1,MDS)젤리블리샤인머스켓60g,900
2+1,MDS)젤리블리자두60g,900
2+1,MDS)젤리블리납작복숭아60g,900
2+1,빙그레)아카페라아메리카노240ml,2000
2+1,빙그레)아카페라카라멜240ml,2000
2+1,서울)목장딸기요구르트225ml,2700
2+1,남양)맛있는검은콩깨병200ml,1700
2+1,빙그레)아카페라바닐라라떼240ml,2000
2+1,매일)썬업과일야채퍼플컵190ml,2300
2+1,덴마크)인포켓치즈20g,1700
2+1,매일)썬업과일야채레드컵190ml,2300
2+1,서울)커피우유300ml,2000
2+1,서울)딸기우유300ml,2000
2+1,남양)초코에몽250ml,1800
2+1,다논)액티비아업플레인210ml,2200
2+1,빙그레)오프룻딸기알로에컵180ml,2400
2+1,다논)액티비아업딸기210ml,2200
2+1,서울)초코우유300ml,2000
2+1,빙그레)따옴사과235ml,2400
2+1,빙그레)따옴오렌지235ml,2400
2+1,덴마크)인포켓치즈라이트20g,1700
2+1,뉴초이스)아쌈밀크티300ml,1700
2+1,뉴초이스)아쌈블랙티400ml,1700
2+1,덴마크)얼라이브망고250ml,1700
2+1,덴마크)얼라이브스위티자몽250ml,1700
2+1,매일)썬업오렌지200ml,1200
2+1,서울)딸기꿀단지180ml,1600
2+1,서울)초코꿀단지180ml,1600
2+1,남양)요구르트그란데280ml,1700
2+1,정식품)베지밀B검은콩190ml,2000
2+1,매일)바리스타플라넬드립325ml,3000
2+1,매일)두유오리지널190ml,1300
2+1,매일)두유99.9 190ml,1300
2+1,빙그레)사이즈업라떼350ml,2400
2+1,빙그레)사이즈업아메리카노350ml,2400
2+1,동서)맥심TOP라떼240ml,1900
2+1,동서)맥심TOP블랙240ml,1900
2+1,빙그레)오프룻복숭아컵180ml,2400
2+1,매일)바리스타바닐라빈라떼325ml,3000
2+1,매일)바리스타쇼콜라모카325ml,3000
2+1,매일)바리스타블랙325ml,3000
2+1,덴마크)얼라이브블러드오렌지250,1700
2+1,동서)맥심TOP볼드라떼컵300ml,2400
2+1,동서)TOP스위트아메리카노240ml,1900
2+1,빙그레)사이즈업바닐라라떼350ml,2400
2+1,다논)액티비아업복숭아210ml,2200
2+1,비락)유기농야채사랑190ml,1650
2+1,비락)유기농포도야채180ml,1650
2+1,정식품)베지밀아몬드호두190ml,2000
2+1,동원)다방커피오리지널250ml,2000
2+1,동원)다방커피헤이즐넛250ml,2000
2+1,동원)다방커피카라멜250ml,2000
2+1,PB)주문하신카라멜마끼야또,2700
2+1,PB)주문하신아메리카노300ml,2700
2+1,PB)주문하신카페라떼300ml,2700
2+1,매일)썬업사과200ml,1200
2+1,빙그레)딸기타임500ml,2000
2+1,빙그레)초코타임500ml,2000
2+1,동서)맥심TOP트리플라떼컵300ml,2400
2+1,빙그레)토핑요플레(초코)125g,2200
2+1,빙그레)토핑요플레(쿠앤크)120g,2200
2+1,매일)두유검은콩190ml,1300
2+1,칠성)오가닉사과&당근주스125ml,1500
2+1,칠성)오가닉레드비트&토마토주스,1500
2+1,빙그레)따옴한라봉&청귤235ml,2400
2+1,매일)바리스타디카페인325ml,3000
2+1,서울)바나나우유300ml,2000
2+1,동서)맥심TOP로스티라떼360ml,2500
2+1,동서)맥심TOP로스티블랙360ml,2500
2+1,PB)주문하신초코라떼300ml,2700
2+1,매일)엔요280ml,1700
2+1,남양)맛있는우유GT커피300ml,1950
2+1,덴마크)인포켓치즈트러플20g,1700
2+1,동서)맥심TOP너티카라멜300ml,2400
2+1,서울F)뽀로로바나나우유140ml,1300
2+1,서울F)뽀로로딸기우유140ml,1300
2+1,비락)코코브루니아메리카노200ml,2500
2+1,비락)코코브루니라떼200ml,2500
2+1,매일)상하치즈아몬드고다48g,2800
2+1,남양)맛있는딸기우유GT300ml,1950
2+1,남양)맛있는초코우유GT300ml,1950
2+1,덴마크)얼라이브머스캣청포도250,1700
2+1,매일)바리스타아메리카노PET475m,2500
2+1,이디야)카페라떼300ml,2900
2+1,매일)바리스타라떼PET475ml,2500
2+1,뉴초이스)포도녹차300ml,1700
2+1,PB)주문하신커피쿠키라떼300ml,2700
2+1,빙그레)더단백초코250ml,2900
2+1,서울)비요뜨초코팝138g,2000
2+1,칠성)오가닉적포도&보라당근125m,1500
2+1,매일)셀렉스드링크초코330ml,3300
2+1,이디야)토피넛라떼300ml,2900
2+1,서울)비요뜨링크138g,2000
2+1,PB)마쉼카페라떼320ml,2800
2+1,PB)마쉼아메리카노320ml,2800
2+1,이디야)돌체콜드브루300ml,2900
2+1,매일)셀렉스드링크복숭아330ml,3300
2+1,PB)마쉼카라멜마끼아또320ml,2800
2+1,PB)마쉼초코라떼320ml,2800
2+1,PB)담음오렌지주스250ml,1800
2+1,PB)담음사과주스250ml,1800
2+1,매일)바리스타스윗아메리카PET47,2500
2+1,서울)아침에주스ABC주스210ml,2000
2+1,매일)어메이징오트오리지널190ml,1500
2+1,매일)어메이징오트언스위트190ml,1500
2+1,매일)상하치즈크림치즈48g,2800
2+1,빙그레)더단백카라멜250ml,2900
2+1,빙그레)더단백커피250ml,2900
2+1,해광)투썸스페니쉬연유라떼250ml,2800
2+1,해광)투썸카페라떼250ml,2800
2+1,서울)강릉너티크림라떼250ml,2700
2+1,서울)올데이프룻오렌지250ml,1600
2+1,서울)올데이프룻자두250ml,1600
2+1,매일)셀렉스드링크아메리카노330,3300
2+1,빙그레)따옴ABC220ml,2400
2+1,일동)하이뮨액티브250ml,3200
2+1,남양)로스터리바닐라라떼320ml,3200
2+1,남양)테이크핏초코250ml,2900
2+1,남양)테이크핏고소한맛250ml,2900
2+1,일동)하이뮨액티브초코250ml,3200
2+1,남양)로스터리에스프레소라떼320,3200
2+1,서울F)뽀로로초코우유140ml,1300
2+1,남양)과수원사과200ml,1600
2+1,덴마크)그린덴마크아몬드190ml,1500
2+1,덴마크)그린덴마크귀리190ml,1500
2+1,덴마크)드링킹딸기275ml,2400
2+1,덴마크)드링킹베리믹스275ml,2400
2+1,덴마크)드링킹복숭아275ml,2400
2+1,덴마크)드링킹사과275ml,2400
2+1,덴마크)드링킹샤인머스캣275ml,2400
2+1,덴마크)드링킹플레인275ml,2400
2+1,남양)테이크핏바나나250ml,2900
2+1,매일)바리스타돌체라떼325ml,3000
2+1,서울)달고나우유멸균190ml,1600
2+1,서울)살롱밀크티우유멸균190ml,1600
2+1,서울)올데이프룻키위250ml,1600
2+1,hy)쉼230ml,2400
2+1,정식품)고단백검은콩두유190ml,1600
2+1,연세)콜드브루커피우유240ml,1800
2+1,연세)마카다미아초코우유240ml,1800
2+1,연세)초당옥수수우유240ml,1800
2+1,비락)코코브루니로얄밀크티200ml,2500
2+1,빙그레)식물성바유190ml,1500
2+1,매일)두유고단백190ml,1300
2+1,일동)하이뮨액티브커피250ml,3200
2+1,연세)감귤요거트300ml,2500
2+1,연세)블루베리요거트300ml,2500
2+1,비락)미숫가루우유300ml,1700
2+1,빙그레)사이즈업돌체라떼350ml,2400
2+1,서울)강릉커피바닐라250ml,2700
2+1,연세)스트로베리요거트300ml,2500
2+1,남양)로스터리아몬드라떼320ml,3200
2+1,해광)투썸로열밀크티250ml,2800
2+1,해광)투썸스트로베리피치250ml,2800
2+1,hy)시나모롤요구르트280ml,1700
2+1,hy)쿠로미딸기요구르트280ml,1700
2+1,덴마크)부스팅즈커피드링크190ml,1500
2+1,덴마크)부스팅즈초코드링크190ml,1500
2+1,연세)복숭아요거트300ml,2500
2+1,할리스)카페라떼300ml,2900
2+1,할리스)바닐라딜라이트300ml,2900
2+1,매일)커피속에모카치노300ml,1900
2+1,매일)우유속딸기300ml,1900
2+1,칠성)콜드포도250ml,1500
2+1,정식품)베지밀A(병)190ml,1800
2+1,CJ)얼티브프로틴커피250ml,2900
2+1,PB)마쉼바닐라라떼320ml,2800
2+1,남양)테이크핏호박고구마250ml,2900
2+1,CJ)얼티브프로틴초코250ml,2900
2+1,대상)마이밀퓨로틴고소한맛250ml,2900
2+1,대상)마이밀퓨로틴초코맛250ml,2900
2+1,남양)프렌치카라멜컵200ml,2100
2+1,남양)프렌치카페오레컵200ml,2100
2+1,남양)프렌치카푸치노컵200ml,2100
2+1,남양)불가리스사과150ml,2000
2+1,매일)썬업과일야채녹황컵190ml,2300
2+1,매일)우유속코코아300ml,1900
2+1,서울)비요뜨초코링138g,2000
2+1,칠성)콜드오렌지250ml,1500
2+1,서울)아침에주스오렌지PE210ml,2000
2+1,남양)불가리스딸기150ml,2000
2+1,진주햄)천하장사50g,2200
2+1,롯데)의성마늘프랑크70g,2400
2+1,제니코)스트링치즈24g,1500
2+1,롯데)의성마늘2입140g,4200
2+1,CJ)맥스봉치즈플러스55g,2200
2+1,롯데)에센뽀득프랑크70g,2400
2+1,CJ)청양고추후랑크80g,2500
2+1,종가집)새콤달콤볶음김치80g,1900
2+1,CJ)비비고썰은김치60g,1200
2+1,종가집)맛김치50g,1000
2+1,대림)한입에꼬치다90g,2500
2+1,진주햄)오리지널후랑크90g,2500
2+1,진주햄)매콤달콤후랑크90g,2500
2+1,롯데)의성마늘빅프랑크90g,2700
2+1,CJ)비비고볶은김치80g,1900
2+1,한성)몬스터크랩142g,4800
2+1,대림)매콤함에꼬치다90g,2500
2+1,CJ)맥스봉치즈70g,2600
2+1,동원)더킹랍스터맛140g,4200
2+1,롯데)마늘&뽀득2입140g,4200
2+1,고래사)크랩말이어묵90g,3500
2+1,CJ)닭가슴살스테이크100g,4500
2+1,CJ)닭가슴살소시지80g,2900
2+1,하림)닭가슴살리얼바오리지널80g,2900
2+1,CJ)맥스봉직화청양꼬치바90g,2500
2+1,대림)숯불구이후랑크커플140g,3600
2+1,하림)닭가슴살리얼바블랙페퍼80g,2900
2+1,진주햄)천하장사치즈60g,2400
2+1,CJ)닭가슴살소시지(청양고추)80g,2900
2+1,CJ)맥스봉직화구이꼬치바90g,2500
2+1,롯데)의성마늘직꾸닭매콤100g,3000
2+1,롯데)의성마늘직꾸닭100g,3000
2+1,대림)스노우크랩킹140g,4900
2+1,삼립)쓱닭쓱닭블랙페퍼100g,3700
2+1,CJ)닭가슴살통살훈제100g,4500
2+1,동원)가쓰오크랩스144g,3900
2+1,PB)닭가슴살리얼바허브80g,2900
2+1,동원)황금치킨닭가슴살오리지널,4500
2+1,동원)황금치킨닭가슴살블랙페퍼,4500
2+1,소반)육즙가득비프함박150g,3900
2+1,삼립)고단백닭가슴살바(갈릭)80g,2900
2+1,진주햄)칠리치즈후랑크90g,2700
2+1,롯데)의성마늘닭가슴살프랑크65g,2400
2+1,PB)그릴치킨오리바80g,2900
2+1,삼립)육즙가득부어스트70g,2500
2+1,CJ)더건강한그릴후랑크140g,3900
2+1,한성)고추장직화구이후랑크70g,1900
2+1,롯데)의성마늘프랑크매콤땡초65g,2400
2+1,제니코)데니쉬크라운살라미스틱,2400
2+1,한성)바베큐직화구이후랑크70g,1900
2+1,CJ)가쓰오우동222.5g(큰컵),3900
2+1,CJ)오뎅한그릇(시원한맛)360g,3900
2+1,삼립)안달루즈부어스트70g,2500
2+1,PB)육즙가득로제비프함박150g,3900
2+1,종가집)맛김치(컵)75g,1500
2+1,대림)닭가슴살스테이크(페퍼)100,4500
2+1,대상)안주야직화오돌뼈(냉장),9400
2+1,대상)안주야직화불근위(냉장),9400
2+1,삼립)오리진부어스트70g,2500
2+1,대림)크라비아스틱60g,2000
2+1,CJ)얼큰우동221g(큰컵),3900
2+1,CJ)맥스봉50g,2200
2+1,롯데)키스틱55g,2200
2+1,삼립)정통보름달88g,1600
2+1,삼립)초코보름달75g,1600
2+1,삼립)생크림보름달80g,1600
2+1,삼립)고구마보름달85g,1600
2+1,삼립)잼있는사과쿠키75g,1200
2+1,삼립)잼있는딸기쿠키75g,1200
2+1,삼립)NEW초코블랑48g,1500
2+1,해태)샤오롱180g,3500
2+1,해태)고향만두,5300
2+1,해태)고향만두,5300
2+1,마즈)스니커즈피넛바1500,1500
2+1,삼립)크림치즈휘낭시에45g,1500
2+1,삼립)순우유밀크요팡65g,1500
2+1,을지로약과)올드훼션약과도넛70g,2000
2+1,삼립)초당옥수수보름달85g,1600
2+1,삼립)순우유연유요팡80g,1500
2+1,삼립)순우유고구마팡80g,1500
2+1,크라운)카라멜콘땅콩56g,1500
2+1,크라운)죠리퐁1500,1500
2+1,롯데)허쉬쿠키앤크림화이트40g,1600
2+1,롯데)허쉬밀크쵸코렛43g,1600
2+1,롯데)가나초코바45g,1000
2+1,마즈)트윅스(미니),400
2+1,롯데)가나초코바아몬드(골드),1000
2+1,크라운)버터와플135g,3000
2+1,해태)에이스121g,1700
2+1,크라운)빅파이216g,3200
2+1,MQ)프링글스매운맛110g,4000
2+1,MQ)프링글스치즈맛110g,4000
2+1,MQ)프링글스오리지날110g,4000
2+1,MQ)프링글스양파맛110g,4000
2+1,일신)푸쉬팝,1500
2+1,크라운)카라멜콘메이플1500,1500
2+1,MZ)토블론밀크,1700
2+1,크라운)키커바1000(30g),1000
2+1,동서)오레오화이트100g,2000
2+1,동서)오레오초코100g,2000
2+1,일신)빅보틀팝,3000
2+1,크라운)땅콩캬라멜2000,2000
2+1,롯데)가나마일드2400,2400
2+1,롯데)가나밀크2400,2400
2+1,롯데)허쉬쿠키앤초코40g,1600
2+1,동서)오레오웨하스초코(5입),3000
2+1,롯데)더블크런키초코바1000,1000
2+1,크라운)츄러스84g,1500
2+1,하리보)골든배렌젤리100g,2000
2+1,하리보)해피콜라젤리100g,2000
2+1,농심)포스틱84g,1700
2+1,하리보)푸르티부시젤리100g,2000
2+1,농심)오징어집78g,1700
2+1,오리온)통크1200,1200
2+1,동서)오레오씬즈바닐라84g,2000
2+1,해태)오예스360g,6000
2+1,하리보)스타믹스젤리100g,2000
2+1,일신)쥬시드롭팝캔디4000,4000
2+1,동서)리츠크래커80g,1800
2+1,크라운)키커바 녹차1000,1000
2+1,크라운)뽀또치즈타르트92g,1500
2+1,하리보)해피콜라사우어,2000
2+1,일신)트리플푸시팝34g,4000
2+1,롯데)하비스트달콤고소,1700
2+1,MZ)밀카밀크초코렛100g,3200
2+1,MZ)밀카딸기초코렛100g,3200
2+1,삼양)사또밥67g,1500
2+1,롯데)초에너지바40g,1200
2+1,오리온)그래놀라바유산균30g,1200
2+1,해태)오예스미니192g,3600
2+1,MZ)밀카무40g,1300
2+1,마즈)몰티저스다크37g,1500
2+1,롯데)초단백질바40g,1200
2+1,MZ)밀카오레오100g,3200
2+1,오리온)투유우유초콜렛,1500
2+1,마즈)몰티저스37g,1500
2+1,하리보)해피그레이프100g,2000
2+1,해태)오예스쿠키앤크림360g,6000
2+1,오리온)그래놀라바단백질바40g,1200
2+1,네슬레)프루팁스리치맛,3900
2+1,하리보)웜즈사우어80g,2000
2+1,삼경)하리보골드베렌미니350,350
2+1,에스씨)수수깡젤리40g,2500
2+1,동서)리츠크래커(초코)77g,1800
2+1,삼경)하리보자몽젤리,2000
2+1,삼경)하리보축구공(피코발라),2000
2+1,오리온)오뜨쇼콜라(6입),3500
2+1,오리온)오뜨치즈(6입),3500
2+1,씨믹스)스누피구미60g,2000
2+1,씨믹스)스누피사우어구미60g,2000
2+1,롯데)크런키초코바30g,1000
2+1,하리보)복숭아젤리(피치)100g,2000
2+1,미성)테니스볼모양껌20g,500
2+1,나무)수박모양젤리18g,1000
2+1,동서)오레오씬즈초코무스84g,2000
2+1,동서)포스트단백질바50g,1800
2+1,에스씨)수수깡젤리머메이드40g,2500
2+1,매일)킨더부에노43g,1700
2+1,MZ)밀카레오33g,1300
2+1,농심)1M츄파춥스사워벨트55g,1700
2+1,MZ)밀카버블리100g,3200
2+1,농심)새우깡블랙72g,2000
2+1,동서)리츠화이트샌드77g,1800
2+1,나무)보스베이비베이비팝55g,2000
2+1,네슬레)프루팁스말랑오리지널60g,2000
2+1,네슬레)프루팁스말랑베리믹스60g,2000
2+1,롯데)야채크래커83g,1700
2+1,미성)허쉬다크아사이블루베리38g,1600
2+1,미성)허쉬다크석류38g,1600
2+1,롯데)젤리셔스포도먹은구미,1200
2+1,남양)프렌치카페프리미엄20입,4900
2+1,네슬레)핫쵸코원컵,1500
2+1,네슬레)수프리모커피믹스20입,5300
2+1,동서)맥심화이트골드원컵,1200
2+1,이디야)비니스트오리지널10입,2700
2+1,하리보)믹스사우어100g,2000
2+1,하리보)프리마베라80g,2000
2+1,마즈)엠앤엠즈블록밀크46g,1500
2+1,마즈)엠앤엠즈블록크리스피44g,1500
2+1,오리온)더탱글마이구미71g,1200
2+1,정관장)홍삼정에브리타임10ml,3200
2+1,칠성)깨수깡환3g,2900
2+1,삼양사)상쾌환3입,8500
2+1,간만세)숙취해소간만세3g,2900
2+1,담터)호두아몬드율무원컵13oz,1800
2+1,꽃샘)생강차플러스8입,3000
2+1,꽃샘)쌍화차플러스8입,3000
2+1,네슬레)수프리모골드마일드20입,5300
2+1,경남)레모나톡톡,2000
2+1,네슬레)네스티자몽20입,6500
2+1,정관장)활기력 20ml,3200
2+1,티젠)콤부차베리10입,7500
2+1,티젠)콤부차샤인머스켓10입,7500
2+1,티젠)콤부차피치10입,7500
2+1,경남)NEW레모나산10포,3500
2+1,아로마빌)커피빈더블샷라떼원컵,1800
2+1,아로마빌)핑크솔트크림라떼원컵,1700
2+1,동서)맥심슈프림골드믹스,5500
2+1,이디야)비니스트마일드10입,2700
2+1,티젠)콤부차파인애플10T,7500
2+1,농심)사천짜파게티큰사발,1800
2+1,농심)너구리큰사발,1800
2+1,농심)무파마큰사발면,1800
2+1,농심)새우탕면(소컵),1150
2+1,농심)무파마탕면봉지,1400
2+1,오뚜기)진라면순한맛봉지,950
2+1,농심)사리곰탕면봉지,1200
2+1,정관장)찐생온오프팩,12000
2+1,티젠)콤부차망고구아바10T,7500
2+1,오뚜기)진짬뽕큰컵,2000
2+1,오뚜기)육개장사발면104g,1000
2+1,농심)신라면블랙사발,1800
2+1,삼양)불닭볶음탕면(큰컵),1800
2+1,농심)신라면블랙봉지,1900
2+1,키다리)세이면잔치국수195g,2650
2+1,키다리)세이면김치국수194g,2650
2+1,하림)장인라면담백한맛용기,2800
2+1,하림)장인라면얼큰한맛용기,2800
2+1,농심)특육개장큰사발,1800
2+1,농심)배홍동비빔면(봉지),1200
2+1,농심)사리곰탕소컵,1150
2+1,농심)사천백짬뽕사발,1800
2+1,농심)누들핏얼큰우동맛,1800
2+1,하림)챔라면큰컵,3800
2+1,농심)배홍동쫄쫄면129g,1700
2+1,하림)더미식비빔면138g,1700
2+1,하림)더미식메밀비빔면121g,1800
2+1,농심)후루룩쌀곰탕(쌀국수),1800
2+1,웅진)만한대찬우육면,4800
2+1,웅진)만한대찬마라우육면,4800
2+1,CJ)큰햇반300g*3입,8300
2+1,오뚜기)달콤한데리야끼치킨180g,4400
2+1,CJ)둥근햇반210g*6입,11200
2+1,농심)보노체다치즈스프3입,4000
2+1,오뚜기)화끈한닭강정180g,4400
2+1,농심)라면왕김통깨사발면,1800
2+1,삼양)야키소바불닭볶음면큰컵,1800
2+1,오뚜기)치즈게티큰컵,2300
2+1,오뚜기)마열라면(봉지),1500
2+1,오뚜기)마열라면큰컵,2000
2+1,CJ)햇반황태국밥(컵반),4200
2+1,CJ)햇반미역국밥(컵반),4200
2+1,CJ)강된장보리비빔밥(컵반),4800
2+1,CJ)비비고소고기무국500g,5900
2+1,CJ)햇반불고기덮밥(컵반),4800
2+1,CJ)비비고소고기미역국500g,5900
2+1,CJ)비비고육개장500g,5900
2+1,오뚜기)오뚜기밥210g*4입,7200
2+1,오뚜기)참치마요덮밥(컵밥),4800
2+1,CJ)철판제육덮밥(컵반),4800
2+1,CJ)햇반소프트밀전복죽,4500
2+1,CJ)비비고차돌된장찌개460g,7900
2+1,CJ)햇반매일잡곡밥210g,2800
2+1,오뚜기)불닭마요덮밥컵밥,4800
2+1,CJ)비비고스팸부대찌개460g,7900
2+1,CJ)버터장조림비빔밥(컵반),4800
2+1,CJ)스팸마요덮밥(컵반),4800
2+1,CJ)햇반소프트밀소고기죽,4500
2+1,CJ)햇반치킨마요덮밥컵반,4800
2+1,동원)리챔120g,4200
2+1,CJ)비비고돼지고기김치찌개460g,7900
2+1,CJ)햇반소프트밀누룽지닭백숙죽,4500
2+1,오뚜기)오뚜기밥210g*8입,13400
2+1,오뚜기)오뚜기큰밥300g*4입,10300
2+1,CJ)참치마요덮밥(컵반),4800
2+1,CJ)컵반빅스팸마요덮밥,5400
2+1,CJ)컵반빅스팸김치덮밥,5400
2+1,CJ)스팸김치덮밥(컵반),4800
2+1,CJ)김치날치알밥(컵반),4800
2+1,오뚜기)옛날사골곰탕500ml,2500
2+1,CJ)햇반매일찰잡곡밥210g,2800
2+1,CJ)햇반현미쌀밥210g,2800
2+1,CJ)햇반귀리곤약밥150g,3900
2+1,오뚜기)참기름김치볶음컵밥,4800
2+1,오뚜기)카레컵밥,4800
2+1,CJ)햇반흑미곤약밥150g,3900
2+1,삼양)로제불닭떡볶이(컵),3500
2+1,하림)더미식백미밥210g,2300
2+1,CJ)컵반철판김치덮밥,4800
2+1,CJ)비비고사골시래기된장국460g,5900
2+1,CJ)소프트밀닭가슴살곤약죽,3900
2+1,CJ)비비고소고기장터국500g,5900
2+1,하림)더미식설렁탕350g,5500
2+1,하림)더미식미역국350g,5500
2+1,하림)더미식닭개장350g,6500
2+1,CJ)스팸라이트340g,8200
2+1,CJ)컵반빅소고기미역국밥,5400
2+1,하림)더미식부대찌개350g,6500
2+1,동원)고추참치90g,3300
2+1,CJ)비비고꼬리곰탕460g,9900
2+1,나뚜루)바닐라파인트474ml,14900
2+1,나뚜루)딸기파인트,14900
2+1,유성)유동골빔면골뱅이95g,4900
2+1,하림)더미식우렁된장찌개350g,6500
2+1,하림)더미식차돌육개장350g,6500
2+1,CJ)소프트밀양송이크림수프,3900
2+1,CJ)소프트밀베이컨감자수프,3900
2+1,CJ)소프트밀단호박크림수프,3900
2+1,동원)야채참치90g,3300
2+1,MQ)통귀리밥컵50g,2400
2+1,빙그레)비비빅75ml,1500
2+1,롯데)돼지바70ml,1500
2+1,롯데)죠스바75ml,1500
2+1,끌레도르)베리믹스바90ml,2500
2+1,롯데)옥동자70ml,1500
2+1,해태)누가바70ml,1500
2+1,롯데)구구콘160ml,2200
2+1,롯데)스크류바75ml,1500
2+1,나뚜루)녹차파인트,14900
2+1,나뚜루)초코파인트,14900
2+1,삼양)불닭치폴레마요250g,5000
2+1,칠성)마운틴듀355ml,1700
2+1,칠성)펩시콜라600ml,2000
2+1,일화)맥콜500ml,2000
2+1,웅진)내사랑유자C280ml펫,1750
2+1,동원)녹차350ml펫,1200
2+1,웅진)아침햇살500ml,2150
2+1,대상)명란바사삭김(6입),4900
2+1,훼밀리)S&B생와사비43g,3500
2+1,오뚜기)미트스파게티소스400g,4800
2+1,동서)TOP스위트아메리카노200,1200
2+1,칠성)칸타타아메리카노275ml,2500
2+1,칠성)칸타타프리미엄라떼275,2500
2+1,남양)17차(십칠차)500ml,1800
2+1,코카)조지아라떼240ml캔,1300
2+1,웅진)자연은토마토340ml,1700
2+1,남양)17차(십칠차)340ml,1500
2+1,웅진)꿀홍삼280ml펫,1750
2+1,샘표)질러부드러운우육포70g,8500
2+1,오츠카)데자와240ml,1600
2+1,길림)허니버터아몬드40g,2200
2+1,샘표)질러크레이지핫육포30g,4600
2+1,길림)군옥수수맛아몬드40g,2200
2+1,길림)와사비맛아몬드40g,2200
2+1,길림)마늘빵아몬드40g,2200
2+1,안주야)먹태청양데리야끼맛25g,5900
2+1,정화)훈연왕오징어50g,5900
2+1,정화)맥반석오징어45g,5900
2+1,정화)해오징어버터구이45g,5900
2+1,샘표)질러직화스틱육포45g,6500
2+1,바프)군옥수수맛땅콩앤콘프라이,3900
2+1,바프)와사비맛땅콩120g,3900
2+1,바프)허니로스티드땅콩120g,3900
2+1,바프)로스티드앤솔티드땅콩120g,3900
2+1,사조)빠삭한입먹태콘버터맛25g,5900
2+1,바프)멸치아몬드100g,6900
2+1,안주야)먹태매콤불닭맛25g,5900
2+1,리피아)오리지널육포40g,6200
2+1,써라클)오징어실채30g,4200
2+1,바프)체다치즈맛아몬드40g,2200
2+1,머거본)크리스피아몬드50g,3000
2+1,머거본)크리스피아몬드볶음50g,3000
2+1,썬푸드)치즈파스타맛오징어30g,3800
2+1,사조)빠삭한입먹태갈릭맛25g,5900
2+1,정화)왕오징어구이53g,5900
2+1,바프)버터코코넛맛땅콩120g,3900
2+1,동원)상상페퍼앤솔트30g,4600
2+1,샘표)질러황태스틱크레이지핫25g,5900
2+1,샘표)질러황태스틱청양간장25g,5900
2+1,동원)상상비프앤치즈30g,4600
2+1,아라움)BBQ치킨스낵황금올리브30,5500
2+1,아라움)BBQ치킨스낵레드착착30g,5500
2+1,바프)멸치아몬드구운양파맛100g,6900
2+1,CJ)맛군밤60g,3900
2+1,CJ)비비고칩오리지널40g,3900
2+1,CJ)비비고칩스위트콘40g,3900
2+1,CJ)비비고칩포테이토40g,3900
2+1,한입만)클라우드오튀맥40g,5900
2+1,한입만)클라우드갓튀맥30g,5900
2+1,바프)멸치아몬드매운고추장100g,6900
2+1,동화)쌍화원골드100ml,1200
2+1,광동)진쌍화１００ＭＬ,1200
2+1,칠성)칸타타콜드브루블랙275ml,2500
2+1,동서)TOP마스터라떼200ml,1200
2+1,HK)헛개컨디션100ml,5000
2+1,현대)미에로화이바350ml,1900
2+1,썬푸드)피자파스타맛오징어30g,3800
2+1,바프)피쉬스낵딥치즈35g,4500
2+1,바프)피쉬스낵구운양파35g,4500
2+1,파머스)트리플S라이스믹스70g,2900
2+1,칠성)핫식스250ml,1500
2+1,동서)TOP(더블랙)200ml,1200
2+1,코카)조지아맥스240ml,1300
2+1,HK)컨디션헛개수340ml,1500
2+1,웅진)오곡누룽지500ml,1800
2+1,칠성)칸타타카라멜마키아토275ml,2500
2+1,해태)썬키스트허니유자280ml,2000
2+1,풀무원)풀무원샘물,950
2+1,HK)컨디션헛개수500ml,2200
2+1,칠성)아이시스2L(8.0),1950
2+1,거림)블루레몬에이드350ml,1200
2+1,거림)모히또에이드350ml,1200
2+1,동서)TOP스위트아메리카노380ml,3000
2+1,동원)오미자차500ml,2200
2+1,HK)컨디션헛개수1.0L,2500
2+1,삼양사)상쾌환3g,2900
2+1,농심)백산수500ml,950
2+1,광동)비타500 240ml,1600
2+1,HK)컨디션(레이디)100ml,5000
2+1,농심)백산수2L,1700
2+1,HK)컨디션CEO150ml,10000
2+1,동서)TOP더블랙380ml,3000
2+1,해태)NEW강원평창수500ml,1000
2+1,칠성)수미네잔치집식혜340ml,1400
2+1,칠성)아이시스(8.0)1L,1400
2+1,오츠카)데자와500ml,2400
2+1,코카)토레타500ml,2000
2+1,칠성)칸타타흑당라떼275ml,2500
2+1,웅진)광명찾은결명자차500ml,1800
2+1,동서)TOP마스터라떼380ml,3000
2+1,코카)조지아크래프트블랙470ml,2700
2+1,코카)조지아크래프트라떼470ml,2700
2+1,코카)암바사345ml,1500
2+1,칠성)밀키스340ml,1700
2+1,칠성)칸타타콘트라베이스라떼500,2700
2+1,제주향)제주다믄감귤한라봉주스,3000
2+1,제주향)제주다믄청귤에이드340ml,3000
2+1,하이트)블랙보리520ml,1800
2+1,해태)썬키스트모과생강280ml,2000
2+1,상아)김과장의비밀골드100ml,5000
2+1,HK)새싹보리500ml,2200
2+1,OKF)워터멜론500ml,2200
2+1,한독)레디큐프로120ml,6000
2+1,오리온)제주용암수530ml,1000
2+1,광동)비타500로열폴리스120ml,1500
2+1,코카)조지아크래프트스윗아메470,2700
2+1,동서)콜롬비아나마스터블랙500ml,2600
2+1,동서)콜롬비아나마스터라떼500ml,2600
2+1,OKF)그린스무디350ml,2200
2+1,OKF)옐로우스무디350ml,2200
2+1,칠성)칠성사이다제로500ml,2200
2+1,동서)TOP스모키블랙275,2400
2+1,동서)TOP스모키라떼275ml,2400
2+1,칠성)펩시콜라제로500ml,2000
2+1,제주향)제주다믄감귤천혜향주스,3000
2+1,링티)링티제로500ml,2900
2+1,광동)비타500콜라겐100ml,1200
2+1,웅진)자연은납작복숭아340ml,1700
2+1,동원)아이스티(레몬)500ml,2200
2+1,동원)아이스티(복숭아)500ml,2200
2+1,웰그린)복숭아녹차500ml,1700
2+1,웰그린)자두녹차500ml,1700
2+1,PB)명인녹차500ml,2000
2+1,웅진)옥수수수염차500ml,1800
2+1,칠성)칸타타콘트라베이스디카페,2700
2+1,하이트)토닉워터제로300ml,1600
2+1,광동)밀싹보리차500ml,1800
2+1,SPC)티트라레몬그린티500ml,2200
2+1,SPC)티트라피치아쌈티500ml,2200
2+1,광동)비타500피지라임스파클링24,1600
2+1,하이트)토닉워터홍차300ml,1600
2+1,칠성)실론티제로500ml,2000
2+1,PB)아침햇살흑미500ml,2150
2+1,코카)조지아오리지널200ml,1000
2+1,광동)비타500제로100ml,1200
2+1,이디야)트리플아메리카노500ml,2700
2+1,이디야)트리플스위트아메리500ml,2700
2+1,동서)TOP돌체라떼275,2400
2+1,칠성)펩시콜라제로망고500ml,2000
2+1,칠성)수미네잔치집식혜500ml,2200
2+1,이노엔)티로그청귤아이스티500ml,2200
2+1,이노엔)티로그복숭아아이스티500,2200
2+1,칠성)콘트라베이스블랙&샷500ml,2700
2+1,칠성)콘트라베이스스윗아몬드500,2700
2+1,링티)링티제로레몬라임500ml,2900
2+1,이디야)트리플바닐라라떼500ml,2700
2+1,티젠)콤부차스파클링피치340ml,2000
2+1,네이처셀)시골집귀리식혜180ml,1200
2+1,코카)코카콜라제로레몬355ml,2000
2+1,칠성)칸타타흑임자라떼275ml,2500
2+1,팔도)코코뿌요복숭아280ml,1700
2+1,팔도)코코뿌요애플망고280ml,1700
2+1,칠성)칸타타블랙플러스275ml,2500
2+1,칠성)칠성사이다제로블루500ml,2200
2+1,동화)비타천120ml,1200
2+1,칠성)핫식스제로250ml,1500
2+1,풀무원)워터루틴500ml,900
2+1,농심)데이플러스프로틴500ml,2200
2+1,농심)데이플러스콜라겐500ml,2200
2+1,동서)TOP스모키라떼200ml,1200
2+1,대상)아르포텐100ml,3500
2+1,고려)고려은단비타민C플러스100m,1100
2+1,하이트)진로토닉워터와일드피치,1600
2+1,매일)셀렉스프로핏청포도335ml,3300
2+1,광동)힘찬하루헛개차1.5L,3000
2+1,황후)슬간생100ml,5000
2+1,동서)마스터헤이즐넛블랙500ml,2600
2+1,동서)TOP스모키라떼200ml,1200
2+1,오츠카)나랑드화이트콤부차400ml,2500
2+1,광동)진한헛개차500ml,2000
2+1,롯데)빵빠레초코175ml,2200
2+1,롯데)수박바75ml,1500
2+1,해태)바밤바70ml,1500
2+1,롯데)빠삐코130ml,1800
2+1,롯데)빵빠레바닐라175ml,2200
2+1,롯데)국화빵쑥찰떡150ml,2200
2+1,끌레도르)쿠앤크바90ml,2500
2+1,롯데)쿠키오130ml,2200
2+1,롯데)명가찰떡아이스90ml,2200
2+1,오츠카)나랑드화이트콤부차245ml,1600
2+1,에버)허쉬콘150ml,2500
2+1,롯데)월드콘CVS160ml,2200
2+1,롯데)더블비얀코,2200
2+1,롯데)설레임160ml,2200
2+1,에버)허쉬바90ml,2500
2+1,빙그레)엔초바85ml,2200
2+1,나뚜루)아포가또파인트,14900
2+1,에버)허쉬토피넛앤초코90ml,2500
2+1,롯데)찰옥수수140ml,2200
2+1,에버)허쉬쿠키앤크림바90ml,2500
2+1,롯데)일품팥빙수240ml,3000
2+1,빙그레)떡붕어싸만코150ml,2200
2+1,빙그레)부드러운빵또아180ml,2200
2+1,빙그레)초코붕어싸만코150ml,2200
2+1,나뚜루)퓨어코코넛파인트,14900
2+1,롯데)찰떡아이스하트딸기,2200
2+1,롯데)매일우유소프트콘185ml,2200
2+1,롯데)제주우유빙수설,3300
2+1,나뚜루)캐슈바닐라파인트474ml,14900
2+1,롯데)더블비얀코베리베리185ml,2200
2+1,나뚜루)딸기치즈케익파인트,14900
2+1,나뚜루)체리블라썸파인트474ml,14900
2+1,나뚜루)민트초코파인트474ml,14900
2+1,나뚜루)눈꽃with레드빈파인트,14900
2+1,롯데)제주우유파르페300ml,3000
2+1,에버)허쉬초코쿠키파르페340ml,3500
2+1,나뚜루)그린티퍼지아몬드474ml,14900
2+1,롯데)옥동자딸기70ml,1500
2+1,서주)군고구마바75ml,1500
2+1,라벨리)참외바라기110ml,1800
2+1,헤일로탑)초코파인트473ml,12900
2+1,헤일로탑)딸기파인트473ml,12900
2+1,서주)피치리치바70ml,1500
2+1,동그린)우퐁미(미숫가루)75ml,1500
2+1,빙그레)쿠앤크바티라미수,1500
2+1,서주)제주우유모나카140ml,2500
2+1,에버)꼬부기의물대포콘150ml,2500
2+1,서주)알프스소금담은바75ml,1500
2+1,빙그레)호두과자붕어싸만코150ml,2200
2+1,PB)테일러크림모카콘150ml,2500
2+1,빙그레)쿠앤크바 카라멜70ml,1500
2+1,빙그레)비비빅바밤바70ml,1500
2+1,라벨리)세부망고빙수220ml,3000
2+1,에버)허쉬딸기초코바90ml,2500
2+1,빙그레)끌레도르카페라떼비스킷,2500
2+1,서주)레어케이크135ml,2500
2+1,롯데)제로밀크소프트콘195ml,2500
2+1,롯데)제로밀크모나카140ml,2500
2+1,산리오)제주우유샌드180ml,2500
2+1,에버)허쉬민트초코바90ml,2500
2+1,페코)아이스우유모나카140ml,3800
2+1,제스)덴마크초코초코콘160ml,2500
2+1,나뚜루)넛츠크림에스프레소474ml,14900
2+1,페코)아이스딸기모나카,3800
2+1,와릿이즌)유자바75ml,1500
2+1,도라에몽)제주우유파르페300ml,3000
2+1,빙그레)슈크림붕어싸만코150ml,2200
2+1,빙그레)빵또아초코쿠앤크180ml,2200
2+1,알엔디)초코에몽초코쭈쭈바130ml,1800
2+1,서주)비타500아이스팝,1800
2+1,CJ)햇반발아현미밥210g,2800
2+1,CJ)작은햇반130g,1700
2+1,동원)양반단호박죽285g,4500
2+1,CJ)둥근햇반210g,2100
2+1,동원)양반야채죽285g,4500
2+1,동원)양반쇠고기죽285g,4500
2+1,동원)양반참치죽285g,4500
2+1,CJ)스팸클래식200g,6200
2+1,CJ)스팸클래식340g,8200
2+1,CJ)맛밤80g,3900
2+1,동원)양반전복죽285g,4500
2+1,CJ)큰햇반300g,2900
2+1,오뚜기)맛있는큰밥300g,2800
2+1,동원)양반밤단팥죽285g,4500
2+1,동원)양반영양닭죽285g,4500
2+1,오뚜기)오뚜기밥210g,2000
2+1,농심)보노포르치니스프3입,4000
2+1,CJ)햇반3번들600g,5700
2+1,CJ)햇반오곡밥210g,2800
2+1,농심)보노콘스프3입,4000
2+1,오뚜기)작은밥150g,1700
2+1,CJ)비비고왕교자420g,5900
2+1,동원)리챔200g,6200
2+1,CJ)비비고청양고추찐만두168g,4400
2+1,오뚜기)딤섬새우슈마이135g,4000
2+1,CJ)비비고김치왕교자385g,5900
2+1,CJ)비비고찐만두168g,4400
2+1,대상)안주야직화무뼈닭발160g,9500
2+1,대상)논현동포차불막창160g,9500
2+1,오뚜기)새우볶음밥230g,4500
2+1,오뚜기)바삭한빅핫도그120g,2800
2+1,오뚜기)모짜소떡핫도그100g,2800
2+1,CJ)비비고매운왕교자315g,5900
2+1,오뚜기)칠리새우180g,9500
2+1,오뚜기)크림새우180g,9500
2+1,오뚜기)직화무뼈닭발150g,9500
2+1,오뚜기)우노콤비네이션피자195g,6500
2+1,오뚜기)우노불고기피자180g,6500
2+1,CJ)비비고깔끔고기만두200g,4400
2+1,CJ)비비고진한김치만두200g,4400
2+1,CJ)육즙불고기찐만두168g,4400
2+1,재호)케이준새우꼬치80g,7900
2+1,재호)튀긴닭꼬치100g,6900
2+1,오뚜기)우노페퍼로니피자180g,6500
2+1,롯데푸드)쫄깃롤만두180g,3900
2+1,오뚜기)진라면볶음밥230g,4500
2+1,오뚜기)참치김치치즈볶음밥230g,4500
2+1,오뚜기)XO교자만두324g,6400
2+1,롯데푸드)김치롤만두180g,3900
2+1,CJ)비비고수제진한고기만두327g,5900
2+1,존슨)리스테린쿨민트250ml,5000
2+1,PB)WOTC바질페스토파스타243g,6900
2+1,PB)WOTC매콤로제파스타270g,6900
2+1,PB)WOTC감바스파스타260g,7900
2+1,니베아)립케어 스트로베리 샤인,4900
2+1,네슬레)핫초코10입,5700
2+1,CJ)해찬들쌈장170g,2300
2+1,니베아)립케어 모이스춰,4900
2+1,재호)핫스파이시새우꼬치80g,7900
2+1,해태)열불날만두하지300g,5300
2+1,존슨)리스테린쿨민트마일드250,5000
2+1,LG)46Cm스프레이가글,3900
2+1,존슨)리스테린쿨민트100ml,2100
2+1,존슨)리스테린그린티100ml,2100
2+1,동아)가그린오리지널100ml,2100
2+1,동아)가그린제로250ml,4500
2+1,P&G)페브리즈MEN_370ml,10800
2+1,P&G)페브리즈항균플러스,10800
2+1,동아)가그린피치민트100ml,2100
2+1,P&G)페브리즈포맨(시트러스&우드,10800
2+1,종근당)속청쿨액 75ml,1000
2+1,한울)Re생분해물티슈20매(캡형),1800
2+1,한울)Re생분해물티슈70매(캡형),3800
2+1,광동)솔표위청수골드75ml,1000
2+1,유한)애프터 임신진단키트,5000
2+1,메드)레츠인클리어(질세정기),8000
2+1,메드)안아파1300자석패치,8000
2+1,메드)코빵밴드(비강확장기),8000
2+1,씨씨)프링글스휴대용티슈,2500
2+1,동화)부채표미인활75ml,1200
2+1,동원)뉴트리스틱(참치연어),3000
2+1,동원)뉴트리스틱(참치닭가슴살),3000
2+1,존슨)뉴트로딥클린포밍클렌저100,8900
2+1,니베아)메드리페어 립밤,5900
2+1,마즈)템테이션맛있는닭고기맛,4200
2+1,마즈)템테이션고소한참치맛,4200
2+1,동원)뉴트리흰살참치연어(애묘),1800
2+1,동원)뉴트리스틱(참치),3000
2+1,동원)뉴트리플랜참치와닭가슴살,1800
2+1,뉴트리플랜)디쉬 참치&닭가슴살,3000
2+1,빙그레)더단백크런치바초코,2500
2+1,네슬레)퓨얼리참치30g,6900
2+1,네슬레)퓨얼리연어30g,6900
2+1,뉴트리플랜)홀릭 참치야채,3000
2+1,뉴트리플랜)홀릭 닭가슴살야채,3000
2+1,아이)연못속개구리알젤리35g,2000
2+1,해태)구운양파60g,1700
2+1,오리온)민티(피치민트)34g,2500
2+1,선린)슈퍼띵즈랜덤피규어,2500
2+1,크라운)쿠크다스(커피)128g,3000
2+1,MQ)프링글스스파이시갈릭새우110,4000
2+1,MQ)프링글스할라피뇨파퍼110g,4000
2+1,델토리)포켓몬별사탕35g,2500
2+1,해태)버터링딥초코103g,3000
2+1,오리온)그래놀라바(철분)35g,1200
2+1,사이버)짱구21곡초코바15g,700
2+1,PB)바삭한튀김건빵200g,1800
2+1,하리보)골드배렌사우어80g,2000
2+1,네슬레)프루팁스트로피컬140g,3900
2+1,에이스)전천당과자바베큐맛80g,1500
2+1,비알)엄마는외계인초코볼,2000
2+1,오리온)톡핑아몬드그래놀라43g,1500
2+1,오리온)톡핑헤이즐넛그래놀라43g,1500
2+1,미성)허쉬밀크초콜릿칩80g,3000
2+1,미성)허쉬미니스위트초콜릿칩80g,3000
2+1,아이)탱글탱글젤리딸기헬로키티,2500
2+1,아이)후르츄젤리(포도)40g,1500
2+1,PB)고소한검은깨건빵200g,1500
2+1,롯데)꼬깔콘군옥수수맛(대용량),3400
2+1,롯데)꼬깔콘고소한맛(대용량)134,3400
2+1,롯데)치토스매콤달콤(대용량)164,3400
2+1,농심)딸기바나나킥60g,1700
2+1,MZ)밀카초코그레인42g,1300
2+1,델토리)짱구지우개별사탕33g,2500
2+1,MQ)프링글스리치치즈갈릭102g,4000
2+1,MQ)프링글스스모키바비큐피자102,4000
2+1,삼경)코로로샤인머스켓48g,2500
2+1,동서)오곡코코볼바33g,1600
2+1,동서)콘푸라이트바35g,1600
2+1,삼경)코로로복숭아젤리40g,2500
2+1,나무)산리오랜덤뱃지캔디5g,1500
2+1,롯데)빅초코파이480g(12입),5400
2+1,해태)버터링딥카페103g,3000
2+1,나무)설빙인절미모찌젤리40g,2000
2+1,일신)쥬시드롭디퍼즈96g,5000
2+1,해태)구운오징어잠발라야60g,1700
2+1,아이)탱글탱글젤리백도40g,2000
2+1,PB)김와사비라이스칩50g,1700
2+1,경남)레모나젤리(레몬맛)43g,1500
2+1,삼양)쌀로별뽀빠이강정100g,2000
2+1,롯데)도리토스치즈(대용량)172g,3400
2+1,해태)연양갱홍삼한삼인55g,1500
2+1,아이)두근두근초코만들기_쿠로미,2500
2+1,에이트)피카츄스트라이킹전기맛,2000
2+1,에이트)이브이스트라이킹콜라맛,2000
2+1,에이트)뮤스트라이킹블루베리맛,2000
2+1,PB)을지로약과팝콘80g,1700
2+1,롯데)치토스바비큐(대용량)164g,3400
2+1,PB)산리오베리베리팝콘80g,2000
2+1,나무)설빙인절미쮸카라멜50g,1500
2+1,롯데)허쉬초코바이츠솔티카라멜,1700
2+1,롯데)허쉬초코바이츠쿠앤크,1700
2+1,농심)린도볼밀크3P,2700
2+1,동서)포스트에너지바액티브45g,2000
2+1,동서)포스트에너지바밸런스50g,2000
2+1,해태)에이스바스크치즈121g,1700
2+1,PB)산리오초코쿠키(시나몬),2000
2+1,PB)산리오새우칩(바베큐맛),2000
2+1,롯데)몽쉘생크림케이크(대),6600
2+1,롯데)꼬깔콘매콤달콤(대),3400
2+1,CJ)오뎅한그릇(얼큰한맛)360g,3900
2+1,네슬레)네스티복숭아20입,6500
2+1,LG)테크750g,6500
2+1,농심)린도볼밀크4P,3600
2+1,훼밀리)튀룽어니언갈릭70g,3500
2+1,훼밀리)튀룽구운오징어70g,3500
2+1,SAMG)하츄핑바삭초코볼,2200
2+1,SAMG)하츄핑구미초코볼50g,2200
2+1,SAMG)샤샤핑사워젤리50g,1800
2+1,SAMG)말랑핑말랑젤리50g,1800
2+1,서울)아침에주스사과210ml,2000
2+1,롯데)허쉬아몬드초콜렛40g,1600
2+1,CJ)햇반흑미밥210g,2800
2+1,리피아)원프리미엄육포30g,6500
2+1,제스)킷캣아이스크림스틱,2500
2+1,동학)빅구슬파인애플앤포도,1800
2+1,라엘)라엘오가닉중형4P,3400
2+1,동원)뉴트리플랜참치와멸치,1800
2+1,동원)뉴트리플랜참치와치즈,1800
2+1,담터)쌍화차플러스원컵,1800
2+1,빙그레)비비빅흑임자70ml,1800
2+1,담터)생강차플러스원컵,1800
