행사분류,상품명,가격
1+1,농심)멘토스레인보우,800
1+1,칸타타)아메캔200ml,1500
1+1,광동)헛개파워병,5000
1+1,풀무원)액티비아업딸기,2200
1+1,46cm)초극세모칫솔,3500
1+1,메디안)치석케어치약,4500
1+1,메디안)센서티브칫솔,3000
1+1,2080)칫솔,2800
1+1,2080)치약,4000
1+1,2080)센서티브미세모,3200
1+1,페리오)토탈7치약,4300
1+1,페리오)이지클리닉칫솔,2200
1+1,네슬레)킷캣청키초콜릿,1500
1+1,오랄비)후레쉬칫솔,2000
1+1,칸타타)라떼캔200ml,1500
1+1,진주햄)천하장사50g,2200
1+1,미쟝센)데미지샴푸,15000
1+1,미쟝센)데미지린스,15000
1+1,남양)로스터에스프레250ml,2700
1+1,오가니스트)샴푸200ml,7000
1+1,오가니스트)린스200ml,7000
1+1,아이깨끗해)순핸드워시,7900
1+1,풀무원)액티비아업플레인,2200
1+1,남양)로스터카라멜250ml,2700
1+1,46cm)쿨민트치약,3900
1+1,롯데)키스틱55g,2200
1+1,바디)내몸에순한면대16P,9400
1+1,바디)내몸에순한면중18P,9400
1+1,크리오)뉴미세모칫솔,2000
1+1,크리오)뉴일반모칫솔,1800
1+1,오랄비)초미세모칫솔,2900
1+1,엘라)스프레이200ml,8900
1+1,엘라)하드왁스80g,10700
1+1,바디)순한면슈퍼롱3P,4200
1+1,좋은)울날중4P,2000
1+1,좋은)울날중18P,9900
1+1,좋은)울날대16P,9900
1+1,좋은)슬날수퍼롱4P,4100
1+1,좋은)울날오버나이트14P,10900
1+1,남양)로스터돌체라떼250ml,2700
1+1,코카)코카콜라제로P500ml,2300
1+1,델리팜)로아카바닐라45g,1800
1+1,델리팜)로아카카카오45g,1800
1+1,오가니스트)넛츠바디워시,5500
1+1,롯데)거꾸로수박바,1500
1+1,오뚜기)영양닭죽285g,4500
1+1,SNJ)노랑옥수수,2800
1+1,오뚜기)새송이쇠고기죽,4500
1+1,풀무원)액티비아업복숭아,2200
1+1,OKF)알로에베라제로P500,2200
1+1,다우니)퍼퓸블랙섬유1L,15400
1+1,바디)내몸에순한면중4P,2400
1+1,비트)액체겸용세제1.45L,12900
1+1,온더바디)레몬클렌징폼,5500
1+1,네슬레)킷캣청키쿠앤크,1500
1+1,CJ)태양초고추장500g,9900
1+1,CJ)재래식된장500g,5200
1+1,진주햄)콘앤스윗치즈45g,2000
1+1,코카)스프라이트캔355ml,1700
1+1,오뚜기)단호박죽285g,4500
1+1,하이트)블랙보리라이트520,1800
1+1,동원)친친오리지널봉70g,1900
1+1,CJ)컵반사골곰탕국밥,4200
1+1,HK)컨디션환3g,2900
1+1,SNJ)군옥수수,2800
1+1,오뚜기)컵밥김치참치덮밥,4800
1+1,HK)컨디션환3g3입,8500
1+1,빙그레)닥터캡슐플레인,2200
1+1,빙그레)닥터캡슐사과,2200
1+1,순수한면)유기농순면중16P,8900
1+1,순수한면)유기농순면대14P,8900
1+1,다우니)실내건조섬유1L,15400
1+1,다우니)세탁세제블루1L,20300
1+1,HK)헛개수이엑스P500ml,3000
1+1,CJ)맥스봉오리지널50g,2200
1+1,빙그레)스페셜티킬리만자,2700
1+1,빙그레)스페셜티예가체프,2700
1+1,빙그레)프로틴플레인,3800
1+1,빙그레)프로틴딸기바나나,3800
1+1,동원)양반냉장단호박죽컵,4500
1+1,다우니)실내건조세제1L,21500
1+1,오뚜기)한우미역국500g,7800
1+1,빙그레)닥터캡슐베리,2200
1+1,간만세)간만세,2900
1+1,2080)더블액션초극세모,2000
1+1,동화)KF94흰색대형1P,2000
1+1,깨끗)KF94흰색대형3P,5900
1+1,샘표)폰타나머쉬룸수프,3500
1+1,샘표)폰타나포테이토수프,3500
1+1,CJ)컵반황태국밥,4200
1+1,질레트)스킨텍면도기1입,26700
1+1,오뚜기)차돌된장찌개500g,7800
1+1,오뚜기)쇠고기육개장500g,7800
1+1,코카)스프라이트제로캔355,1700
1+1,CJ)해찬들고추장200g,4300
1+1,롯데)펩시콜라제로캔355ml,1900
1+1,CJ)비비고한우사골곰탕500,3200
1+1,오랄비)센서티브클린칫솔,1800
1+1,엘라)맨인매트컬크림150ml,12900
1+1,동원)친친콘치즈봉70g,1900
1+1,오뚜기)맛있는흑미밥210g,2700
1+1,오뚜기)맛있는오곡밥210g,2700
1+1,진주햄)천하장사치즈60g,2400
1+1,좋은)입는오버중형2P,5300
1+1,좋은)입는오버대형2P,5300
1+1,쏘피)무표백롱라이너18P,5500
1+1,순수한면)유기농순면소18P,8900
1+1,종근당)헛개땡큐골드병,5000
1+1,피죤)실내건조섬유미스틱1,11900
1+1,메디안)트리플미세모,1900
1+1,광동)헛개차골드라벨500ml,3000
1+1,네슬)프루팁스오리지널60g,2000
1+1,네슬)프루팁스베리믹스60g,2000
1+1,델리팜)로아커스트라치아,2800
1+1,델리팜)로아커다크50g,2800
1+1,델리팜)로아커커피50g,2800
1+1,삼양사)상쾌환스틱레드,3900
1+1,종근당)산에는삼병100ml,3000
1+1,뉴초)아쌈타로밀크티400ml,2500
1+1,미성)실카아몬드,1000
1+1,미성)실카크리스피,1000
1+1,좋은)순면수퍼롱10P,10400
1+1,화이트)수퍼흡수중형18P,9700
1+1,화이트)수퍼흡수대형16P,9700
1+1,좋은)유기농슬날중3P,1800
1+1,아우라)딥센트스윗만다린,12900
1+1,좋은)내추럴코어슬날중14P,9600
1+1,좋은)내추럴코어슬날대14P,11200
1+1,좋은)내추럴코어롱오버8P,9900
1+1,롯데)더하다옥수수P500ml,2000
1+1,롯데)더하다보리차P500ml,2000
1+1,디어스킨)입는오버중대4P,10900
1+1,HK)컨디션스틱그린애플18g,3300
1+1,HK)컨디션스틱18g,3300
1+1,CJ)구이한판그릴스모크60g,3300
1+1,빙그레)래핑카우8포션치즈,7900
1+1,켈로그)씨솔트다크초코30g,1800
1+1,삼립)티트라피치티P500ml,2200
1+1,삼립)티트라레몬티P500ml,2200
1+1,빙그레)복숭아이스티300ml,1400
1+1,빙그레)레몬아이스티300ml,1400
1+1,슈가)친환경주방세제레몬C,5900
1+1,샘표)티아시아치킨커리,4700
1+1,샘표)티아시아푸팟퐁커리,4700
1+1,사조)꼬꼬봉50g,1800
1+1,쏘피)안심숙면팬티L4P,9600
1+1,피죤)액츠세탁세제1L,10900
1+1,동원)포킷포킷소시지70g,2500
1+1,피죤)섬유탈취아이스80mL,4200
1+1,코카)암바사환타캔345ml,1500
1+1,테크)실내건조세제1.4L,12900
1+1,필슨)KF94흰색대형1P,2500
1+1,CJ)명가재래김4g*9입,7000
1+1,CJ)명가파래김4g*9입,7000
1+1,인테)슈가로로애플P350,1800
1+1,인테)슈가로로샤인P350,1800
1+1,CJ)비비고삼계탕800g,14800
1+1,빙그레)끌레딥초코바,4800
1+1,빙그레)끌레설향딸기바,4800
1+1,매일)상하밀크컵,5200
1+1,매일)상하딸기컵,5200
1+1,매일)상하밀크파인트,13500
1+1,매일)상하딸기파인트,13500
1+1,예지)몰랑이오가닛중형3P,2400
1+1,행복)계란꼬치햄치즈맛,2500
1+1,오뚜기)돼지김치짜글이450,7800
1+1,대진)슈퍼사우어레몬20g,1000
1+1,샘표)티아시아비프마살라,4700
1+1,샘표)티아시아키마커리,4700
1+1,종근당)자황력액병100ml,5000
1+1,미성)오트밀치즈바이트,4500
1+1,좋은)무표백유기농중형16P,12500
1+1,좋은)무표백유기농대형14P,12500
1+1,디어스킨)리얼모달중형16P,8600
1+1,디어스킨)리얼모달대형14P,8600
1+1,쏘피)무표백유기농대형16P,10900
1+1,가그린)초미세모칫솔,2500
1+1,오뚜기)컵밥미역국밥,4800
1+1,피죤)실내건조섬유플라워1,11900
1+1,CJ)한뿌리홍삼대보병100ml,5000
1+1,바세린)립테라피S오리지널,5000
1+1,바세린)립테라피S민트,5000
1+1,오뚜기)선지해장국500g,7800
1+1,동원)투명이온P500ml,2200
1+1,CJ)숯불갈비맛후랑크120g,3300
1+1,깨끗)촉앤감프리미엄24롤,35800
1+1,제이)치즈프로틴칩,2000
1+1,탑티어)불고기맛핫바90g,2300
1+1,비비안)파인애플스타킹,7900
1+1,하프)아메리카노P410,2700
1+1,하림)유니자장면큰그릇컵,4980
1+1,NHC)발효홍삼진CK15g,3000
1+1,동원)산양프로틴플레인,2700
1+1,동원)산양프로틴베리믹스,2700
1+1,바프)쿠키앤크림몰트볼,2500
1+1,바프)인절미몰트볼,2500
1+1,미래)나무야클린3겹24롤,24000
1+1,깨끗)베리베리물티슈70매,3500
1+1,진주햄)천하장사건강닭60g,2200
1+1,빙그레)프로틴플레인맥스,4000
1+1,CJ)한뿌리인삼대보병100ml,4500
1+1,초코)초코비모나카커피,4000
1+1,CJ)국산콩두부찌개용380g,5900
1+1,CJ)국산콩두부부침용380g,5900
1+1,CJ)명가참기름김20g,2800
1+1,웅진)티즐제로자몽티P500,2500
1+1,하림)매콤후랑크70g,2300
1+1,엘라)프로틴케어린스480ml,12900
1+1,엘라)프로틴케어샴푸480ml,12900
1+1,서울)마이픽딸기초코링,2200
1+1,삼양사)상쾌환부스터100ml,5000
1+1,서울FB)미피마리골드레몬,2000
1+1,웅진)자연은말린복숭아500,2500
1+1,웅진)자연은말린자몽P500,2500
1+1,코카)닥터페퍼제로캔355ml,1700
1+1,클라이덴)화이트닝치약50g,9900
1+1,동원)양반나주식곰탕460g,3900
1+1,남양)아몬드데이오리지널,1500
1+1,남양)아몬드데이언스위트,1500
1+1,하림)더미식설렁탕350g,5500
1+1,하림)더미식소고기미역국,5500
1+1,제이)말똥팝콘메론맛,1900
1+1,제이)말똥팝콘초코딸기맛,1900
1+1,뉴초)아쌈솔트밀크티400ml,2500
1+1,슈가)친환경세탁세제1.5L,11900
1+1,좋은)무표백유기농대형4P,3900
1+1,좋은)무표백입는오버L4P,11200
1+1,CJ)맥스봉프로틴45G,2200
1+1,빙그레)따옴바파인애플,2000
1+1,빙그레)따옴바포도,2000
1+1,CJ)햇반닭가슴살곤약죽,3900
1+1,샘표)폰타나스위트콘수프,3500
1+1,오뚜기)치킨마살라,4800
1+1,오뚜기)푸팟퐁카레,4800
1+1,롯데)더하다우엉차P500ml,2000
1+1,코카)환타파인제로캔355ml,1500
1+1,CJ)할라피뇨그레인보울,4900
1+1,CJ)병아리콩그레인보울,4900
1+1,연세)감귤요거트300ml,2500
1+1,연세)블루베리요거트300,2500
1+1,바디)내몸에순한면대4P,3000
1+1,롯데)더하다헛개차P500ml,2000
1+1,삼양)쿠티크트러플큰컵,3600
1+1,삼우)서울앵무새모나카,2500
1+1,피죤)고농축섬유플라워1.6,12900
1+1,피죤)건조기용시트25매,8900
1+1,CJ)100%현미밥130g,2600
1+1,원피스)쵸파초코우유190ml,1300
1+1,원피스)쵸파초코우유4입,4900
1+1,원피스)루피커피우유190ml,1300
1+1,원피스)루피커피우유4입,4900
1+1,CJ)한식간장김자반20g,2800
1+1,오뚜기)전복죽285g,4500
1+1,오뚜기)양송이크림스프,3800
1+1,오뚜기)베이컨감자스프,3800
1+1,오뚜기)순후추순대국밥,4800
1+1,롯데)펩시제로망고캔355ml,1900
1+1,웅진)빅토리아청포P500ml,1800
1+1,웅진)빅토리아파인P500ml,1800
1+1,바프)티라미수몰트볼,2500
1+1,이마트)비상대책드링크100,4000
1+1,페브리즈)실내건조370ml,10800
1+1,좋은)입는데이팬티L4P,10900
1+1,만전)매운불맛김5g,1300
1+1,만전)치즈맛김5g,1300
1+1,삼립)크래프트감자스프,4500
1+1,삼립)크래프트양송이스프,4500
1+1,빙그레)앵무새크림라떼,2700
1+1,빙그레)앵무새바닐라라떼,2700
1+1,던킨)자두제로탄산캔350,1900
1+1,던킨)배제로탄산캔350,1900
1+1,IEK)그루비카라멜아몬드바,3900
1+1,IEK)그루비초콜릿바,3900
1+1,CJ)햇반녹두닭죽420g,5900
1+1,동원)쿨피스톡제로피치350,2000
1+1,동원)쿨피스톡제로파인350,2000
1+1,코카)코카제로레몬P500ml,2300
1+1,연세)스트로베리요거트300,2500
1+1,닥터그루트)쿨멘솔샴푸180,9900
1+1,김선생)가락떡볶이컵,3800
1+1,김선생)로제가락떡볶이컵,3800
1+1,동원)얼라이브자몽P500ml,2500
1+1,동원)얼라이브망고P500ml,2500
1+1,피죤)액츠캡슐형세탁세제,11900
1+1,오뚜기)차돌강된장보리밥,4800
1+1,미쟝센)데미지샴푸200ml,8000
1+1,미쟝센)데미지린스200ml,8000
1+1,NHC)그에너지부스터20g,3000
1+1,서영)모닝이즈백병100ml,5000
1+1,유시몰)무알콜가글민트90,3900
1+1,우양)브라더꽈배기260g,6900
1+1,온더)체리블라썸비누,2700
1+1,삼양)쿠티크투움바파스타,3600
1+1,슈가)친환경섬유유연제1.5,11900
1+1,CJ)한뿌리아르기닌병100ml,5000
1+1,우양)브라더단팥도너츠,6900
1+1,우양)브라더치즈도너츠,6900
1+1,BR)레인보우샤베트워터500,2500
1+1,BR)피치요거트워터P500,2500
1+1,퐁퐁)친환경주방세제1.2L,6900
1+1,테크)울드라이중성세제1.3,10900
1+1,좋은)무표백수퍼롱3P,4800
1+1,하림펫)밥보약관절사료50g,1500
1+1,홈스타)살균세정티슈60매,10900
1+1,CJ)100%현미밥130g*3입,7500
1+1,CJ)유기농쌀밥130G*3입,7500
1+1,CJ)맥스봉오리지널70g,2600
1+1,연세)복숭아요거트300,2500
1+1,오뚜기)순후추치킨180g,5600
1+1,델리팜)로아커밀크50g,2800
1+1,도루코)윈3쉐이빙폼210ml,5900
1+1,2080)진지발리스치약,3900
1+1,서울)마이픽플레인쿠키링,2200
1+1,온더)그린허브핸드크림75,5900
1+1,CJ)고메미니치즈너겟400g,10900
1+1,바프)멜론맛몰트볼,2500
1+1,바프)바나나맛몰트볼,2500
1+1,진주햄)더블링콰트로25g,1300
1+1,동화)배러화이트120g,3500
1+1,동화)배러라이트120g,3500
1+1,미성)콴타브레이크,800
1+1,서영)모닝이즈백환3g,2900
1+1,서영)모닝이즈백스틱블루,3300
1+1,서영)모닝이즈백스틱그린,3300
1+1,종근당)깨노니스틱배사과,3300
1+1,종근당)깨노니스틱복숭아,3300
2+1,롯데)가나초코바땅콩,1000
2+1,롯데)이브로즈껌,1200
2+1,롯데)가나마일드초콜릿34g,1200
2+1,롯데)아라비카커피껌,1200
2+1,오리온)핫브레이크,1000
2+1,마즈)트윅스미니초콜릿,400
2+1,크라운)키커바,1000
2+1,해태)연양갱,900
2+1,일신)리콜라허브레몬,2500
2+1,나뚜루)녹차파인트,14900
2+1,나뚜루)딸기파인트,14900
2+1,나뚜루)초콜릿파인트,14900
2+1,롯데)본가찰옥수수,2200
2+1,해태)부라보콘바닐라,2200
2+1,롯데)구구콘,2200
2+1,샘표)질러부드러운육포30g,4400
2+1,CJ)맥스봉치즈50g,2200
2+1,CJ)맛밤80g,3900
2+1,롯데)의성마늘핫바70g,2400
2+1,롯데)빅팜60g,2000
2+1,동원)덴마크스트링치즈,1700
2+1,네슬레)핫초코오리지널10T,5700
2+1,동원)양반전복죽,4500
2+1,농심)너구리큰사발컵,1800
2+1,오뚜기)맛있는밥210g,2000
2+1,동원)양반호박죽,4500
2+1,동원)양반영양닭죽,4500
2+1,오뚜기)한입쏙쏙미트볼,4400
2+1,티오피)스윗아메캔275ml,2400
2+1,티오피)더블랙캔275ml,2400
2+1,레쓰비)라떼캔240ml,1400
2+1,코카)환타오렌지캔250ml,1400
2+1,매일)썬업과일야채녹황,2300
2+1,매일)썬업과일야채퍼플,2300
2+1,웅진)자연은알로에P500ml,2150
2+1,남양)프렌치카라멜200ml,2100
2+1,남양)프렌치카페오레200ml,2100
2+1,HK)컨디션헛개병,5000
2+1,남양)프렌치카푸치노200ml,2100
2+1,빙그레)아카페라카라멜,2000
2+1,현대)미에로화이바P350ml,1900
2+1,칸타타)라떼캔275ml,2500
2+1,웅진)오곡누룽지P500ml,1800
2+1,롯데)펩시콜라P600ml,2000
2+1,코카)미닛오렌지P350ml,1950
2+1,남양)17차P500ml,1600
2+1,HK)헛개수P500ml,2200
2+1,남양)맛있는두유검은콩병,1700
2+1,웅진)내사랑유자P280ml,1750
2+1,티오피)마스터라떼캔275ml,2400
2+1,농심)파워오투오렌지P500,2300
2+1,농심)백산수P500ml,950
2+1,HK)컨디션레이디병,5000
2+1,광동)비타500캔240ml,1600
2+1,매일)커피속에모카치노,1900
2+1,매일)우유속에코코아,1900
2+1,매일)우유속에딸기,1900
2+1,롯데)쾌변요구르트사과맛,1900
2+1,롯데)쾌변요구르트키위맛,1900
2+1,리스테린)쿨민트250ml,5000
2+1,샤프란)섬유유연제1L,4950
2+1,매일)썬업과일야채레드,2300
2+1,서울)스페셜티컵라떼마일,2400
2+1,롯데)와샤베트,2200
2+1,롯데)찰떡아이스,2200
2+1,CJ)햇반흑미밥210g,2800
2+1,CJ)햇반발아현미밥210g,2800
2+1,대상)고구마츄60g,3900
2+1,칸타타)아메캔275ml,2500
2+1,롯데)빵빠레초코,2200
2+1,CJ)햇반작은공기130g,1700
2+1,동학)빅구슬복숭아키위,1800
2+1,한독)레디큐캔120ml,5000
2+1,티오피)더블랙캔380ml,3000
2+1,티오피)스윗아메캔380ml,3000
2+1,농심)새우탕소컵,1150
2+1,테크)가루세제750g,6500
2+1,롯데)허쉬쿠앤크초콜릿40g,1600
2+1,롯데)가나초코바아몬드,1000
2+1,롯데)허쉬아몬드초콜릿40g,1600
2+1,삼경)하리보골드바렌100g,2000
2+1,CJ)스팸김치볶음밥220g,3900
2+1,롯데)콜드오렌지250ml,1500
2+1,롯데)콜드포도250ml,1500
2+1,CJ)맥스봉크레이지핫바90g,2500
2+1,리스테린)그린티100ml,2100
2+1,롯데)트레비레몬P500ml,1800
2+1,롯데)트레비라임P500ml,1800
2+1,CJ)햇반210g,2100
2+1,리스테린)쿨민트100ml,2100
2+1,삼양사)상쾌환,2900
2+1,순수본)본죽전복버섯죽컵,4700
2+1,삼경)하리보해피콜라,2000
2+1,마즈)스니커즈땅콩,1500
2+1,진주햄)천하장사28g,1300
2+1,CJ)큰햇반300g,2900
2+1,CJ)모닝두부오리엔탈150g,1700
2+1,정식품)베지밀국산검은콩,1900
2+1,롯데)더블비얀코,2200
2+1,CJ)맥스봉숯불맛핫바90g,2500
2+1,삼경)하리보프루티부시,2000
2+1,서울)스페셜티컵카페모카,2400
2+1,롯데)아이시스8.0P2L,1950
2+1,빙그레)아카페라바닐라,2000
2+1,롯데)월드콘,2200
2+1,농심)사천짜파게티컵,1800
2+1,순수본)본죽쇠고기죽컵,4700
2+1,삼경)하리보스타믹스,2000
2+1,CJ)컵반미역국밥,4200
2+1,정식품)베지밀A병190ml,1600
2+1,가그린)오리지널100ml,2100
2+1,제니코)스트링치즈,1500
2+1,광동)진쌍화병,1200
2+1,CJ)컵반강된장보리비빔밥,4800
2+1,고려)매운맛돈육포40g,4300
2+1,오뚜기)진짬뽕컵,2000
2+1,서울)꿀딴지초코우유180ml,1600
2+1,CJ)비비고고기찐만두168g,4400
2+1,CJ)맥스봉치즈70g,2600
2+1,CJ)컵반직화볶음짜장덮밥,4800
2+1,매일)바이오드링킹딸기,2300
2+1,가그린)제로100ml,2100
2+1,오뚜기)새우볶음밥230g,4500
2+1,남양)프렌치카페믹스20T,4700
2+1,티오피)마스터라떼캔380ml,3000
2+1,매일)바리스드립라떼325ml,3200
2+1,매일)바리스타블랙325ml,3200
2+1,코카)토레타P500ml,2000
2+1,롯데)빵빠레바닐라,2200
2+1,농심)백산수P2L,1700
2+1,마스터)라떼캔240ml,1300
2+1,마스터)스윗아메캔240ml,1300
2+1,일신)쥬시드랍팝캔디,3500
2+1,CJ)비비고청양찐만두168g,4400
2+1,허쉬)초코아이스바,2500
2+1,동원)얼라이브자몽250ml,1700
2+1,동원)얼라이브망고250ml,1700
2+1,썬푸드)오잉40g,5000
2+1,존슨즈)베이비오일,6000
2+1,빙그레)끌레도르쿠키크림,2500
2+1,오뚜기)맛있는밥4입,7200
2+1,매일)바리스타바닐라325ml,3200
2+1,동원)양반참치죽,4500
2+1,동원)양반쇠고기죽,4500
2+1,동원)양반야채죽,4500
2+1,도루코)페이스4중면도3입,5200
2+1,농심)무파마큰사발컵,1800
2+1,동원)리챔200g,6200
2+1,코카)코카콜라제로캔250ml,1700
2+1,서주)아이스주,1500
2+1,CJ)컵반철판제육덮밥,4800
2+1,빙그레)아카페라UP아메리,2400
2+1,빙그레)아카페라UP라떼,2400
2+1,페브리즈)포맨370ml,10800
2+1,오뚜기)맛있는큰밥300g,2800
2+1,동서)리츠크래커,1800
2+1,동서)오레오씬즈티라미수,2000
2+1,동서)오레오씬즈바닐라,2000
2+1,오리온)초코파이2P,900
2+1,크라운)츄러스84g,1500
2+1,크라운)산도딸기,2500
2+1,크라운)참크래커,1200
2+1,크라운)못말리는신짱,1500
2+1,오리온)다이제,2000
2+1,해태)구운감자,4000
2+1,명도)도라에몽츄러스20g,700
2+1,프링글스)핫스파이시110g,4000
2+1,크라운)카라멜콘메이플74g,1500
2+1,크라운)쿠크다스크림,3000
2+1,프링글스)양파110g,4000
2+1,크라운)버터와플,3000
2+1,프링글스)오리지널110g,4000
2+1,농심)자갈치90g,1700
2+1,농심)양파링80g,1700
2+1,롯데)칸쵸,1200
2+1,허쉬)토피넛초코아이스바,2500
2+1,돌)건망고80g,4500
2+1,비페스타)휴대용클렌징,3800
2+1,오리온)통크,1200
2+1,웅진)꿀홍삼병180ml,1500
2+1,동원)양반밤단팥죽,4500
2+1,동화)부채표미인활75ml,1200
2+1,오뚜기)컵밥톡톡김치알밥,4800
2+1,HK)컨디션CEO병,10000
2+1,CJ)비비고소고기미역국500,5900
2+1,CJ)비비고육개장500g,5900
2+1,농심)신라면블랙컵,1800
2+1,하이트)블랙보리P520ml,1800
2+1,농심)신라면블랙,1900
2+1,사조)스노우크랩킹140g,4900
2+1,CJ)컵반직화불고기덮밥,4800
2+1,매일)두유오리지널팩190ml,1000
2+1,매일)두유99.89팩190ml,1300
2+1,서울)아침에주스포도210ml,2000
2+1,CJ)비비고설렁탕500g,5900
2+1,CJ)스팸340g,8200
2+1,CJ)스팸200g,6200
2+1,동서)심플리라떼240ml,1900
2+1,롯데)허쉬밀크초콜릿40g,1600
2+1,서울)아침에주스오렌210ml,2000
2+1,대상)안주야불막창160g,9500
2+1,대상)안주야무뼈닭발160g,9500
2+1,CJ)햇반매일잡곡밥210g,2800
2+1,롯데)쌀로별오리지널78g,1700
2+1,오뚜기)컵밥참치마요덮밥,4800
2+1,롯데)오랑지나P420ml,2200
2+1,빙그레)슈퍼콘초코,2200
2+1,콘트라)블랙P500ml,2700
2+1,일신)푸쉬팝트리플캔디,3500
2+1,대상)안주야매콤육포30g,3900
2+1,대상)안주야달콤육포30g,3900
2+1,해태)맛동산90g,2000
2+1,크라운)땅콩카라멜봉지,2000
2+1,CJ)햇반200g*3입,5700
2+1,삼립)잼있는사과쿠키,1200
2+1,삼립)잼있는딸기쿠키,1200
2+1,콘트라)라떼P500ml,2700
2+1,CJ)컵반철판김치덮밥,4800
2+1,빙그레)요플레토핑초코,2200
2+1,오뚜기)진라면순한맛,950
2+1,삼경)하리보자몽맛,2000
2+1,CJ)컵반스팸마요덮밥,4800
2+1,삼양사)상쾌환3입기획팩,8500
2+1,오리온)그래놀라유산균바,1200
2+1,서울)초코우유300ml,2000
2+1,서울)딸기우유300ml,2000
2+1,서울)커피300ml,2000
2+1,담터)호두아몬드율무원컵,1800
2+1,동서)티오피트리플에스프,2400
2+1,동서)티오피마일드에스프,2400
2+1,동서)티오피볼드에스프,2400
2+1,서울)꿀딴지딸기우유180ml,1600
2+1,동원)양반참기름김,1800
2+1,서울)비요뜨초코링,2000
2+1,동서)카누라떼10T,5500
2+1,빙그레)쥬시쿨사과에이드,1700
2+1,빙그레)쥬시쿨감귤에이드,1700
2+1,동원)얼라이브오렌지250ml,1700
2+1,리스테린)쿨민트마일드100,2100
2+1,동아)박카스젤리,1200
2+1,대상)안주야매운곱창160g,8900
2+1,해태)평창수프리미엄500ml,1000
2+1,농심)무파마탕면,1400
2+1,빙그레)따옴청귤한라235ml,2400
2+1,CJ)햇반210g*8입,14500
2+1,정관장)밸런스핏,3200
2+1,핑크퐁)어린이치약75G,2900
2+1,켈로그)크런치넛에너지바,1400
2+1,진주햄)천하장사빅70g,2600
2+1,롯데)의성마늘핫바빅90g,2700
2+1,CJ)컵반치킨마요덮밥,4800
2+1,CJ)햇반소프트전복죽,4500
2+1,CJ)햇반소프트소고기죽,4500
2+1,CJ)햇반소프트야채죽,4500
2+1,정화)대패왕다리오징어33g,4500
2+1,크라운)뽀또치즈타르트92g,1500
2+1,코카)크래프트블랙P470ml,2700
2+1,코카)크래프트라떼P470ml,2700
2+1,동원)양반들기름김,700
2+1,샤프란)스타일러탈취제,4200
2+1,빙그레)떡붕어싸만코,2200
2+1,빙그레)부드러운빵또아,2200
2+1,오리온)태양의맛썬바게트,1700
2+1,CJ)햇반소프트닭백숙죽,4500
2+1,삼립)오븐에구운도넛,1200
2+1,하림)닭가슴블랙페퍼100g,4500
2+1,롯데)치토스매콤달콤164g,3400
2+1,마스터)블랙P500ml,2600
2+1,마스터)라떼P500ml,2600
2+1,롯데)2프로복숭아P500ml,1800
2+1,사조)오리지널육포30g,4300
2+1,사조)구운육포30g,4300
2+1,하림)닭가슴살갈릭100g,4500
2+1,진주햄)천하장사일반바90g,2500
2+1,HK)새싹보리P500ml,2200
2+1,매일)엔요280ml,1700
2+1,오뚜기)맛있는밥150g,1700
2+1,니베아)스트로베리립케어,4900
2+1,삼경)하리보사우어웜즈,2000
2+1,담터)쌍화차플러스원컵,1800
2+1,삼경)하리보사우어룰렛,1100
2+1,삼경)하리보그레이프,2000
2+1,삼양)불닭마요네즈250g,5000
2+1,오뚜기)우노피자불고기,6500
2+1,오뚜기)우노피자콤비,6500
2+1,광동)위청수골드액75ml,1000
2+1,롯데)깨수깡캔160ml,5000
2+1,빙그레)아카페라UP바닐라,2400
2+1,한성)배즙숙성후랑크바70g,1900
2+1,CJ)고기수제만두200g,4400
2+1,CJ)김치수제만두200g,4400
2+1,매일)검은콩두유팩190ml,1300
2+1,마즈)몰티져스밀크싱글37g,1500
2+1,삼양)사또밥67g,1500
2+1,죽염)잇몸전문칫솔,4500
2+1,CJ)컵반김치날치알밥,4800
2+1,CJ)컵반버터장조림비빔밥,4800
2+1,키다리)세이면잔치국수컵,2650
2+1,삼경)하리보메가룰렛,1100
2+1,삼립)불고기치즈부리또,3200
2+1,삼립)슈프림치즈부리또,3200
2+1,OKF)샤인머스켓제로P500,2200
2+1,오리온)그래놀라단백질바,1200
2+1,사조)살코기참치150g,4300
2+1,롯데)핵짱셔요콜라,1200
2+1,롯데)핵짱셔요후르츠,1200
2+1,CJ)맥스봉직화꼬치바90g,2500
2+1,CJ)비비고돼지김치찌개460,7900
2+1,CJ)비비고차돌된장찌개,7900
2+1,매일)바리스타디카페325ml,3200
2+1,빙그레)통모짜스트링치즈,1500
2+1,서울)바나나우유300ml,2000
2+1,해태)누가바,1500
2+1,오뚜기)진비빔면,1250
2+1,정화)실속핫오징어40g,4900
2+1,코카)파워에이드볼츠P600,2200
2+1,남양)로스터아몬라떼320ml,3200
2+1,서울FB)뽀로로바나나우유,1200
2+1,서울FB)뽀로로딸기우유,1200
2+1,마스터)스윗블랙P500ml,2600
2+1,CJ)비비고고기왕교자420g,5900
2+1,CJ)비비고김치왕교자385g,5900
2+1,사세)버팔로윙봉220g,6900
2+1,동서)티오피너티카라멜,2400
2+1,대상)종가집맛김치용기75g,1500
2+1,CJ)비비고스팸부대찌개460,7900
2+1,동원)양반냉장쇠고기죽컵,4500
2+1,동원)양반냉장전복죽컵,4500
2+1,동원)양반냉장밤단팥죽컵,4500
2+1,동원)양반트러플쇠고기죽,4500
2+1,템테이션)맛있는닭고기맛,4200
2+1,동서)심플리블랙240ml,1900
2+1,오리온)제주용암수P530ml,1000
2+1,오뚜기)리얼바삭빅핫도그,2800
2+1,오뚜기)모짜소떡핫도그,2800
2+1,일신)메가푸쉬팝,2500
2+1,행복)빅츄리2입,2200
2+1,신화)대왕오징어다리40g,5500
2+1,CJ)컵반스팸김치덮밥,4800
2+1,CJ)햇반소프트단호박죽,4500
2+1,서울)강릉커피라떼컵250ml,2700
2+1,SCD)히츨러수수깡젤리,2500
2+1,한독)레디큐프로캔,6000
2+1,오뚜기)크림진짬뽕컵,2000
2+1,매일)셀렉스프로틴초코,3300
2+1,대상)종가집볶음김치80g,1900
2+1,동원)얼라이브청포도250ml,1700
2+1,이디야)아메리카노10T,2700
2+1,동서)리츠샌드초코,1800
2+1,바세린)립테라피로지립스,5500
2+1,뽀짜툰)장&유리너리,1800
2+1,뽀짜툰)피부&모질,1800
2+1,뽀짜툰)체중조절&관절,1800
2+1,뽀짜툰)면역&유리너리,1800
2+1,동아)박카스사워젤리,1200
2+1,SCD)수수깡젤리오리지널,2500
2+1,농심)사리곰탕면,1200
2+1,OKF)요구르트스파클링제로,2200
2+1,해태)갈아만든배P500ml,2100
2+1,빙그레)쥬시쿨청포에이드,1700
2+1,매일)킨더부에노,1700
2+1,씨믹스)핑크퐁상어가족,2000
2+1,몽뜨)아폴로,800
2+1,바프)허니버터아몬드40g,2200
2+1,롯데)펩시제로라임P500ml,2000
2+1,동서)오레오웨하스초코,3000
2+1,CJ)컵반참치마요덮밥,4800
2+1,빙그레)슈퍼콘쿠앤크,2200
2+1,롯데)칠성사이다제로P500,2200
2+1,오리온)닥터유단백질볼,1500
2+1,칠갑)들깨수제비컵,3900
2+1,CJ)맥스봉꼬치바청양90g,2500
2+1,농심)배홍동비빔면,1200
2+1,매일)바리스타아메P475ml,2500
2+1,매일)바리스타라떼P475ml,2500
2+1,행복)동의구운란2입,2200
2+1,빙그레)따옴애플망고235ml,2400
2+1,링티)링티제로복숭아500ml,2900
2+1,삼경)하리보피코발라,2000
2+1,삼경)하리보피치스,2000
2+1,해태)김치고향만두,5300
2+1,구르메)올리브포션치즈,4500
2+1,구르메)크리미포션치즈,4500
2+1,CJ)컵반BIG치킨마요덮밥,5400
2+1,CJ)컵반BIG스팸김치덮밥,5400
2+1,동원)쌀떡국용기,3900
2+1,CJ)스팸라이트200g,6200
2+1,가그린)오리지널250ml,4500
2+1,CJ)비비고새우왕교자315g,5900
2+1,동원)리챔육포오리지널40g,5500
2+1,동원)리챔육포스파이시40g,5500
2+1,빙그레)더단백초코드링크,2900
2+1,뉴트로지나)딥클렌져100g,8900
2+1,오뚜기)육개장사발면,1000
2+1,이디야)토피넛라떼300ml,2900
2+1,이디야)카페라떼300ml,2900
2+1,이디야)돌체콜드브루300ml,2900
2+1,동서)포스트단백질바,1800
2+1,정화)훈연오징어구이48g,5900
2+1,동원)복숭아제로아이스500,2200
2+1,동원)레몬제로아이스티500,2200
2+1,웅진)옥수수수염차500ml,1800
2+1,삼경)하리보웜즈,2000
2+1,CJ)닭가슴살소시지바80g,2900
2+1,CJ)컵반BIG김치날치알밥,5400
2+1,CJ)햇반소프트전복버섯죽,4500
2+1,CJ)햇반소프트새우계란죽,4500
2+1,매일)바리스타쇼콜라325ml,3200
2+1,서울FB)뽀로로초코우유,1200
2+1,동아)나랑드사이다P500ml,2000
2+1,마스터)바닐라블랙P500ml,2600
2+1,종근당)속청쿨75ml,1000
2+1,삼양)로제불닭떡볶이,3500
2+1,대웅)피로할때우루샷,2500
2+1,동서)리츠샌드화이트,1800
2+1,사조)숯불후랑크꼬치바2입,3600
2+1,푸르밀)웰치사과에이드,1700
2+1,푸르밀)웰치포도에이드,1700
2+1,하림)더미식장인라면얼큰,2200
2+1,하림)더미식장인라면담백,2200
2+1,매일)셀렉스프로틴복숭아,3300
2+1,롯데)ABC밀크초콜릿72g,2500
2+1,뉴트로지나)데일리립밤,5100
2+1,웅진)결명자차P500ml,1800
2+1,제스)킷캣아이스바,2500
2+1,농심)새우깡블랙72g,2000
2+1,롯데)카스타드6입,3500
2+1,하림)미식장인라면얼큰컵,2800
2+1,하림)미식장인라면담백컵,2800
2+1,HK)헛개수1.5L,3000
2+1,삼립)하이면명인우동,3800
2+1,코카)미닛허니유자P280ml,2000
2+1,미성)허쉬초코팝콘,1500
2+1,마즈)엠앤엠블록밀크,1500
2+1,마즈)엠앤엠블록크리스피,1500
2+1,크리)KF94검정대형1P,1800
2+1,CJ)닭가슴살스테이크100g,4500
2+1,라엘)오가닉중형14P,8900
2+1,삼경)하리보믹스사워,2000
2+1,서울)비요뜨링크,2000
2+1,동서)맥심슈프림골드20T,5500
2+1,CJ)컵반BIG치즈닭갈비덮밥,5400
2+1,미성)허쉬다크석류38g,1800
2+1,미성)허쉬다크베리38g,1800
2+1,오뚜기)새우슈마이135g,4000
2+1,샘표)양송이크림컵수프,1900
2+1,샘표)콘치즈컵수프,1900
2+1,샘표)치즈브로콜리컵수프,1900
2+1,정화)세가지맛오징어42g,5900
2+1,하이트)토닉워터제로300ml,1600
2+1,동원)리챔더블라이트200g,6200
2+1,웅진)자연은토마토P500ml,2150
2+1,웅진)자연은제주감귤500m,2150
2+1,코주부)특대한판육포65g,6600
2+1,동원)양반김부각오리지널,4200
2+1,동원)양반새우김부각,4200
2+1,정식품)칼로리컷베지밀팩,1500
2+1,농심)츄파춥스사워벨트1M,1700
2+1,오뚜기)사골곰탕국물500ml,2500
2+1,키다리)세이면북엇국수컵,2650
2+1,서울)강릉커피너티크250m,2700
2+1,롯데)고기롤만두180g,3900
2+1,롯데)김치롤만두180g,3900
2+1,대상)안주야매콤불닭먹태,5900
2+1,대상)안주야청양데리먹태,5900
2+1,매일)어메징오트언스위트,1500
2+1,매일)어메징오트오리지널,1500
2+1,광동)밀싹보리차P500ml,1800
2+1,이디야)바닐라라떼300ml,2900
2+1,이디야)쇼콜라모카300ml,2900
2+1,씨알)오곡초코땅콩바,1400
2+1,오뚜기)열려라참깨라면컵,2000
2+1,빙그레)더단백카라멜드링,2900
2+1,빙그레)더단백커피드링크,2900
2+1,광동)비타500피지라임캔,1600
2+1,롯데)솔의눈P500ml,2000
2+1,동원)그릴닭가슴살105g,4500
2+1,동원)그릴닭가슴페퍼105g,4500
2+1,CJ)닭가슴살통살구이100g,4500
2+1,티젠)콤부차레몬10T,7500
2+1,오리온)민티피치민트,2500
2+1,오리온)민티페퍼민트,2500
2+1,정관장)활기력20ml,3200
2+1,빙그레)프로틴스트링치즈,1500
2+1,라라스윗)초콜릿파인트,8900
2+1,CJ)큰햇반300g*3입,8300
2+1,CJ)닭가슴살소시지청양80g,2900
2+1,오뚜기)참기름김치볶음면,2500
2+1,오뚜기)참기름김치볶음밥,4800
2+1,해태)썬키스트레몬P500ml,1900
2+1,서울)아침에주스ABC210ml,2000
2+1,사조)자이언트숯불후랑크,2500
2+1,초코)짱구21곡초코바,700
2+1,하림)더미식백미밥210g,2300
2+1,CJ)스팸싱글클래식80g,3500
2+1,CJ)스팸싱글라이트80g,3500
2+1,풀무원)쫄깃한장조림달걀,2600
2+1,하림)수비드닭가슴살100g,4500
2+1,OKF)그린스무디제로P350ml,2200
2+1,OKF)옐로스무디제로P350ml,2200
2+1,CJ)육즙불고기찐만두168g,4400
2+1,매일)바나나는하얗다190ml,1500
2+1,매일)바리스타스윗아메P,2500
2+1,하림)닭가슴살바너츠,2000
2+1,하림)닭가슴살바베리,2000
2+1,삼우)우유창고파르페초코,3000
2+1,미성)허쉬초콜릿칩쿠키72g,2500
2+1,엘유)데이비드초코칩쿠키,1200
2+1,삼경)하리보골드사우어,2000
2+1,블루나)비말흰색대형1P,800
2+1,정식품)고단백두유팩190,1500
2+1,서울)올데이프룻오렌250ml,1600
2+1,서울)올데이프룻자두250ml,1600
2+1,셀렉스)프로핏아메리카노,3300
2+1,대상)안주야매콤돼지170g,8900
2+1,라라스윗)바닐라빈파인트,8900
2+1,CJ)스팸라이트340g,8200
2+1,남양)로스터에스프레320ml,3200
2+1,남양)로스터바닐라320ml,3200
2+1,남양)테이크핏프로틴곡물,2900
2+1,남양)테이크핏프로틴초코,2900
2+1,롯데)야채농장ABC,1800
2+1,웅진)자연은샤인머스캣500,2150
2+1,롯데)야채농장과일야채,1800
2+1,대산)포켓몬우산별사탕,2500
2+1,바프)허브솔트믹스넛30g,2200
2+1,바프)메이플믹스넛30g,2200
2+1,티오피)돌체라떼캔275,2400
2+1,코코)브레드키링캔디,2500
2+1,페브리즈)맨시트러스우드,10800
2+1,농심)누들핏어묵탕맛,1800
2+1,프링글스)핫새우맛110g,4000
2+1,웅진)만한마라우육면,4800
2+1,웅진)만한홍샤오우육면,4800
2+1,오뚜기)컵밥카레밥,4800
2+1,빙그레)따옴ABC220ml,2400
2+1,코코)물고기모양마시멜로,1500
2+1,코코)시크릿쥬쥬키링캔디,2500
2+1,동서)오레오시나몬번,2000
2+1,만전)김스깡60g,2700
2+1,해태)자두젤리,1500
2+1,삼양)마라불닭납작당면,3500
2+1,남양)과수원사과200ml,1600
2+1,오리온)그래놀라철분바,1200
2+1,코코)뽀로로키링캔디,2500
2+1,초코)초코비모나카,4000
2+1,정화)머거본꿀땅콩오징어,5500
2+1,롯데)실론티제로P500ml,2000
2+1,대상)청정원멸치쌀국수컵,2600
2+1,오뚜기)진라면볶음밥230g,4500
2+1,니베아)모이스춰립케어,4900
2+1,CJ)백설소갈비양념290g,4500
2+1,CJ)백설소불고기양념290g,4500
2+1,대상)안주야매콤직화곱창,9400
2+1,동원)덴마크딸기275ml,2400
2+1,동원)덴마크베리믹스275ml,2400
2+1,동원)덴마크플레인275ml,2400
2+1,동원)덴마크샤인머스275ml,2400
2+1,동원)덴마크복숭아275ml,2400
2+1,웅진)꿀헛개병180ml,1500
2+1,서울FB)타바론얼그레이,2800
2+1,서울FB)타바론루이보스,2800
2+1,바프)체다치즈아몬드40g,2200
2+1,코코)아머드키링캔디,2500
2+1,경남)레모나산10입,3500
2+1,코카)미닛모과생강P280ml,2000
2+1,오뗄)빅더블치즈핫도그,2300
2+1,오뗄)빅스모크핫도그,2300
2+1,동아)나랑드파인P500ml,2000
2+1,돌)후룻컵플러스파인애플,3200
2+1,돌)후룻컵플러스망고,3200
2+1,존슨즈)베이비로션핑크,6000
2+1,칸타타)콜드브루캔275ml,2500
2+1,농심)사천백짬뽕사발컵,1800
2+1,나뚜루)녹차초코넛파인트,14900
2+1,빙그레)호두붕어싸만코,2200
2+1,바프)와사비맛땅콩120g,3900
2+1,뉴트로지나)핸드크림56g,8900
2+1,CJ)맛군밤60g,3900
2+1,삼양)쌀별뽀빠이강정100g,2000
2+1,빙그레)요플레토핑쿠키,2200
2+1,코코)케로로키링캔디,2500
2+1,라벨리)옥수수익어가는바,1200
2+1,코코)귀멸의칼날키링캔디,2500
2+1,동서)리츠샌드레몬,2200
2+1,빙그레)빵또아딸기초코,2200
2+1,동원)덴마크바나바나우유,2000
2+1,만전)띠로링김스낵,2000
2+1,반찬한끼)고추장멸치볶음,3500
2+1,반찬한끼)명태회무침90g,3500
2+1,동원)덴마크초코초코우유,2000
2+1,동원)덴마크딸기딸기우유,2000
2+1,동원)덴마크민트초코우유,2000
2+1,동원)덴마크커피커피우유,2000
2+1,명도)미주라소이아비스켓,3000
2+1,반찬한끼)오징어실채볶음,3500
2+1,반찬한끼)건새우볶음60g,3500
2+1,바프)허니로스티드땅콩,3900
2+1,바프)로스티드솔티드땅콩,3900
2+1,오리온)투니스치즈크런치,1500
2+1,대산)드래곤볼에너지볼,2000
2+1,대산)드래곤볼에너지칩,2000
2+1,동원)리얼가쓰오크랩144g,3900
2+1,하이트)진로토닉홍차300ml,1600
2+1,서주)탱글탱글딸기,2500
2+1,대산)짱구지우개별사탕,2500
2+1,만전)무쳐먹는김무침75g,4700
2+1,비알)초콜릿무스큐브55g,2000
2+1,바프)멸치아몬드100g,6900
2+1,샘표)질러크레이지핫30g,4600
2+1,서주)후르츄젤리,1500
2+1,라라스윗)생우유모나카,3300
2+1,라라스윗)초콜릿모나카,3300
2+1,오뚜기)XO교자고기324g,6400
2+1,코코)라인프렌즈키링젤리,2500
2+1,미성)피니피지4껌,500
2+1,CJ)닭가슴살통살페퍼100g,4500
2+1,서주)랄라콘블루베리쿠키,2200
2+1,나무)짱구짜먹는젤리,1500
2+1,유로)햄치즈크로크무슈,2800
2+1,코코)나의히어로키링캔디,2500
2+1,하이뮨)프로틴액티브초코,2900
2+1,하이뮨)프로틴액티브밀크,2900
2+1,CJ)솥반버섯영양밥200g,3900
2+1,CJ)솥반꿀약밥210g,3900
2+1,사조)빠삭한입먹태갈릭25g,5900
2+1,사조)빠삭한입먹태매콤25g,5900
2+1,동원)리챔120g,4200
2+1,삼립)닭가슴살바갈릭80g,2900
2+1,빙그레)쿠앤크콘,3500
2+1,CJ)햇반현미귀리곤약밥,3900
2+1,CJ)햇반귀리흑미곤약밥,3900
2+1,CJ)수제고기만두327g,5900
2+1,CJ)비비고배추김치400g,5900
2+1,동서)콘푸라이트바35g,1600
2+1,동서)오곡코코볼바33g,1600
2+1,사조)스노우크랩킹70g,2600
2+1,하림)닭가슴바오리지널80g,2900
2+1,하림)닭가슴바블랙페퍼80g,2900
2+1,연세)마카초코우유240ml,1800
2+1,연세)초당옥수수우유240ml,1800
2+1,연세)콜드브루커피우유240,1800
2+1,바프)오리지널믹스넛30g,2200
2+1,바프)군옥수수콘프라이즈,3900
2+1,바프)사천땅콩콘프라이즈,3900
2+1,에쓰)전지베이컨하프컷70,3900
2+1,튀김)휴게소소시지바N,2400
2+1,튀김)치즈휴게소소시지바N,2400
2+1,하이뮨)프로틴밸런스저당,2000
2+1,하이뮨)프로틴밸런스190,2000
2+1,농심)바나나킥딸기60g,1700
2+1,삼립)함박소시지부리또,3200
2+1,앰지)밀카초코그레인42g,1300
2+1,CJ)닭가슴살통살훈제100g,4500
2+1,농심)누들핏얼큰우동맛,1800
2+1,어니)루피로제떡볶이스낵,1700
2+1,비알)뉴욕치즈케익큐브52g,2000
2+1,코카)파워에이드제로P600,2200
2+1,CJ)다담순두부양념130g,3300
2+1,CJ)다담된장찌개양념130g,3300
2+1,광동)비타500제로병100ml,1200
2+1,이디야)트리플아메리카노,2700
2+1,이디야)트리플스위트아메,2700
2+1,이디야)트리플바닐라라떼,2700
2+1,허쉬)딸기초코바,2500
2+1,서주)롤링바딥브라운,1600
2+1,하림)챔라면컵,3800
2+1,나뚜루)바닐라파인트,14900
2+1,CJ)다담떡볶이양념150g,3300
2+1,농심)배홍동쫄쫄면,1700
2+1,동원)상상비프치즈30g,4600
2+1,동원)상상육포안심30g,4600
2+1,동원)상상페퍼솔트30g,4600
2+1,롯데)트레비복숭아P500ml,1800
2+1,프링글스)치즈110g,4000
2+1,짱구)파자마스낵세모딸기,2000
2+1,짱구)파자마스낵동글초코,2000
2+1,우양)크리스피야채핫도그,2400
2+1,우양)크리스피빅핫도그,2300
2+1,샘표)질러황태스윗청양25g,5900
2+1,샘표)질러황태매운맛25g,5900
2+1,티젠)콤부차피치P340ml,2000
2+1,제스)곰표자일리톨캔디,3500
2+1,오뚜기)우노피자페퍼로니,6500
2+1,CJ)비비고꼬리곰탕460g,9900
2+1,하림)더미식사골곰탕500g,2700
2+1,롯데)꼬깔콘고소한맛134g,3400
2+1,롯데)치토스바베큐맛164g,3400
2+1,프링글스)치즈갈릭맛102g,4000
2+1,프링글스)BBQ피자맛102g,4000
2+1,퓨리나)팬시피스트연어1입,2200
2+1,퓨리나)팬시피스트참치1입,2200
2+1,CJ)햇반현미밥130g*3입,5950
2+1,CJ)햇반흑미밥130g*3입,5950
2+1,CJ)밸런스밀귀리,3600
2+1,CJ)밸런스밀카카오,3600
2+1,농심)사리곰탕소컵,1150
2+1,사조)오븐구이치킨윙70g,4500
2+1,사조)오븐구이치킨봉80g,4500
2+1,남양)테이크핏프로틴바나,2900
2+1,코카)크래프트로우라떼470,2700
2+1,동아)나랑드그린애플캔245,1400
2+1,동아)나랑드파인애플캔245,1400
2+1,빙그레)식물성바유190ml,1500
2+1,서울)강릉커피바닐라250ml,2700
2+1,매일)바리스타돌체325ml,3200
2+1,머거본)크리스피아몬드50g,3000
2+1,HK)티로그청귤녹차P500,2200
2+1,HK)티로그복숭아홍차P500,2200
2+1,원피스)이글이글마시멜로,2000
2+1,롯데)2프로아쿠아제로P500,1800
2+1,진주햄)천하대파후랑크90g,2700
2+1,머거본)크리스피볶은양념,3000
2+1,서주)소금바닐라샌드,2500
2+1,하림)더미식닭개장350g,6500
2+1,비알)스트로베리큐브52g,2000
2+1,콘트라)블랙샷P500ml,2700
2+1,콘트라)스윗아몬드P500ml,2700
2+1,어니)잔망루피오뚝이캔디,3000
2+1,유로)햄치즈치아바타샌드,4300
2+1,영남)리모레몬원액200ml,2500
2+1,대상)안주야군옥수수먹태,5900
2+1,진주햄)천하칠리후랑크90g,2700
2+1,한일)마라로제누들떡볶이,3500
2+1,OKF)워터멜론제로P500ml,2200
2+1,어니)짱구망고팡젤리,1500
2+1,서주)레어케이크,2500
2+1,티젠)콤부차샤인머스캣10T,7500
2+1,링티)제로레몬라임500ml,2900
2+1,미성)폴프랭크옥수수통칩,1500
2+1,SC)도라에몽판박이젤리,2000
2+1,칸타타)흑임자라떼캔275ml,2500
2+1,한성)고추장직화구이바70g,1900
2+1,한성)크래미프로틴볼75g,2800
2+1,빙그레)아카페라UP돌체,2400
2+1,흥생)구운계란3입,2900
2+1,서울FB)타바론로얄밀크티,2800
2+1,바프)카라멜땅콩프레첼120,3900
2+1,바프)버터코코넛땅콩120g,3900
2+1,롯데)제로밀크모나카,2500
2+1,롯데)제로밀크소프트콘,2500
2+1,퍼실)캡슐형세탁세제18입,22000
2+1,튀김)뉴자이언트지파이N,2900
2+1,하이트)진로토닉워터600ml,2500
2+1,롯데)초코파이,5400
2+1,라라스윗)생우유빵샌드,3300
2+1,라라스윗)초콜릿빵샌드,3300
2+1,나무)산리오랜덤뱃지캔디,1500
2+1,SC)짱구파워판박이젤리,2000
2+1,동서)리츠크래커어니언,1800
2+1,동원)양반오미자차500ml,2200
2+1,에스앤)포켓누룽지현미,900
2+1,에스앤)포켓누룽지,900
2+1,에스앤)포켓누룽지김치,900
2+1,CJ)밸런스밀고구마,3600
2+1,CJ)전복내장죽420g,5900
2+1,CJ)한우소고기죽420g,5900
2+1,삼립)닭가슴살바청양80g,2900
2+1,삼립)하이면갈릭면볶이,3800
2+1,한성)크래미블랙트러플70g,2500
2+1,대상)아르포텐에너지샷100,3500
2+1,티젠)콤부망고구아바10T,7500
2+1,제이)카라멜캐슈넛팝콘,2500
2+1,유로)바질햄치즈크로크무,3200
2+1,CJ)비비고칩오리지널40g,3900
2+1,CJ)비비고칩스위트콘40g,3900
2+1,CJ)도가니곰탕460g,9900
2+1,CJ)시래기된장국460g,5900
2+1,대상)안주야직화오돌뼈,9400
2+1,삼립)하이면순두부짬뽕,3800
2+1,삼립)하이면옛날짜장,3800
2+1,삼양)불닭치폴레마요250g,5000
2+1,한성)바베큐직화구이바70g,1900
2+1,대상)마이밀퓨로틴곡물,2900
2+1,대상)마이밀퓨로틴초코,2900
2+1,제스)모구모구리치요거바,2200
2+1,일신)쥬시드랍딥퍼즈,5000
2+1,CJ)소고기장터국500g,5900
2+1,CJ)낙지김치죽420g,5900
2+1,농심)데이플러스프로틴500,2200
2+1,농심)데이플러스콜라겐500,2200
2+1,농심)직화쌀짬뽕컵,1800
2+1,대상)안주야직화불근위,9400
2+1,서울)올데이프룻키위250ml,1600
2+1,동화)비타천플러스병120ml,1200
2+1,바프)양파멸치아몬드100g,6900
2+1,튀김)더블핫순살넓적다리N,2300
2+1,동원)매운고추참치90g,3300
2+1,동원)야채참치90g,3300
2+1,롯데)의성마늘닭가슴살바,2400
2+1,경남)레모나젤리,1500
2+1,나무)설빙인절미젤리,2000
2+1,삼양)불닭볶음탕면컵,1800
2+1,훼밀리)SB생와사비43g,3500
2+1,오뚜기)참깨라면볶음면컵,2300
2+1,롯데)칠성사이다블루P500,2200
2+1,한성)크래미틈새라면맛70g,2500
2+1,한일)마늘누들떡볶이,3500
2+1,라라스윗)팥모나카,3300
2+1,에이플)맵찔이초보맛12g,2000
2+1,에이플)맵찔이프로맛12g,2000
2+1,나무)큐브탱키위젤리,1800
2+1,CJ)비비고추어탕460g,7900
2+1,CJ)비비고감자탕460g,7900
2+1,CJ)비비고순댓국460g,7900
2+1,CJ)햇반전복삼계죽420g,5900
2+1,삼립)로테부어스트바70g,2500
2+1,코카)코카콜라제로제로250,1700
2+1,하이뮨)프로틴액티브커피,3200
2+1,팔도)코코뿌요복숭아P280,1700
2+1,팔도)코코뿌요망고P280ml,1700
2+1,미스티)산리오자일리톨,3800
2+1,셀시어스)라즈베리캔325ml,2800
2+1,오뚜기)김치전믹스320g,8300
2+1,오뚜기)감자전믹스200g,5500
2+1,유성)유동골빔면골뱅이95g,4900
2+1,CJ)더건강한그릴후랑크2입,3900
2+1,이웃집)통통이약과라떼,2500
2+1,라라스윗)생우유파인트,8900
2+1,바프)매운멸치아몬드100g,6900
2+1,티오피)스모키라떼캔200ml,1200
2+1,풀무원)스위트플럼주스,1500
2+1,풀무원)스위트샤인머스켓,1500
2+1,서주)비타500아이스쿨,3000
2+1,FB)썬키스트망고컵,1700
2+1,FB)썬키스트파인애플컵,1700
2+1,서주)쿠로미초코만들기,2500
2+1,셀시어스)피치바이브캔325,2800
2+1,오뚜기)냉장된장찌개250g,3500
2+1,오뚜기)냉장김치찌개250g,3500
2+1,롯데)명가찰떡파이,6600
2+1,삼양)야키소바불닭컵,1800
2+1,고려)하루육포매운맛20g,2500
2+1,고려)하루육포오리지널20g,2500
2+1,미성)피니콜라병모양젤리,1800
2+1,미성)피니해피사워믹스,1800
2+1,오뚜기)냉장머쉬룸스프,3000
2+1,오뚜기)냉장콘크림스프,3000
2+1,롯데)졸음번쩍코팅껌,1200
2+1,나뚜루)넛츠크림커피파인,14900
2+1,CJ)얼티브비건프로틴커피,2900
2+1,CJ)얼티브비건프로틴초코,2900
2+1,영찬)먹기좋은통육포35g,4200
2+1,영찬)한입에치즈쏙육포35g,4000
2+1,SC)포켓몬팝핑콜라캔디,2000
2+1,SC)포켓몬팝핑전기캔디,2000
2+1,CJ)비비고칩포테이토40g,3900
2+1,마스터)헤이즐넛블랙500ml,2600
2+1,동서)포스트밸런스바,2000
2+1,동서)포스트액티브바,2000
2+1,오뚜기)콕콕콕치즈게티컵,2300
2+1,CJ)그레인수프베이컨감자,3900
2+1,CJ)그레인수프단호박크림,3900
2+1,CJ)그레인수프양송이크림,3900
2+1,하림)더미식백미밥180g*3P,5700
2+1,SC)포켓몬팝핑사과캔디,2000
2+1,빙그레)초코붕어싸만코,2200
2+1,매일)상하미니치즈체다48g,2800
2+1,매일)상하미니치즈크림48g,2800
2+1,서강)홍콩다방밀크티,2700
2+1,서강)홍콩다방동윤영,2700
2+1,템테이션)고소한참치맛,4200
2+1,해태)앙꼬생생감자칩매쉬,1800
2+1,해태)앙꼬생생감자칩피자,1800
2+1,CJ)햇반현미쌀밥210g,2800
2+1,프레시)서울우유밀크바,1800
2+1,동그린)혀땳은앙꼬바,1800
2+1,아라움)후라이드김35g,4900
2+1,아라움)후라이드김참깨35g,4900
2+1,아라움)후라이드김트러플,4900
2+1,어니)포비빅소프트초코볼,1700
2+1,어니)포비빅소프트밀키볼,1700
2+1,어니)뽀로로한입딸기약과,2000
2+1,SCD)버블검수수깡젤리,2500
2+1,제니코)살라미스틱28g,2400
2+1,조인)탱글란1구,1200
2+1,서주)앙꼬크림웨하스,2200
2+1,에스카)프로틴스쿱밀크,3900
2+1,에스카)프로틴스쿱초코,3900
2+1,매일)셀렉스콜라겐5000,2500
2+1,롯데)더쌀로핫칠리맛60g,1700
2+1,삼립)옥수수꿀호떡요요,2500
2+1,CJ)햇반작은공기130g*3입,5100
2+1,오뚜기)마열라면컵,2000
2+1,롯데)씨리얼초코,1200
2+1,사조)치즈인더감자후랑크,2200
2+1,삼립)오리진부어스트70g,2500
2+1,켈로그)통귀리밥50g,2400
2+1,동아)나랑드콤부차P400ml,2500
2+1,만전)쥬라김10g,1600
2+1,만전)김스깡매운불맛50g,2700
2+1,짱구)짱달달커피280ml,1600
2+1,할리스)바닐라딜라이트,2900
2+1,할리스)카페라떼300ml,2900
2+1,뚠뚠)우삼겹라면볶이,5500
2+1,미션)구운코코넛칩초코50g,2200
2+1,미션)구운코코넛칩50g,2200
2+1,동원)딤섬샤오롱바오168g,4900
2+1,CJ)소바바순살치킨180g,5900
2+1,대상)안주야치즈촘촘육포,3900
2+1,하이트)진로토닉피치300ml,1600
2+1,사조)크라비아스틱60g,2000
2+1,청정)몽베스트P500ml,1100
2+1,짱구)짱달달커피900ml,3000
2+1,짱구)액션가면프로틴초코,3000
2+1,CJ)토비콤아이타민캔250ml,1500
2+1,무직)무직타이거팟타이,5500
2+1,앰지)밀카스트로베리,3200
2+1,앰지)밀카초코슈프림30g,1300
2+1,농심)라면왕김통깨사발,1800
2+1,오뚜기)마열라면봉지,1500
2+1,삼립)안달루즈부어스트70g,2500
2+1,삼립)미니니대파크림호빵,2000
2+1,제스)덴마크초코초코콘,2500
2+1,짱구)부리부리덮밥,5500
2+1,앰지)밀카버블리,3200
2+1,해태)스내피크리스프53g,2500
2+1,동서)콘푸라이트컵30g,1900
2+1,삼립)미니니메론롤케익,2000
2+1,삼립)미니니황치즈호빵,2000
